Time,Displacement,Force
(s),(mm),(N)
"0.0000","0.0000","-0.0020"
"0.0200","0.0000","-0.0019"
"0.0400","0.0000","-0.0015"
"0.0600","0.0002","0.0033"
"0.0800","0.0010","-0.0002"
"0.1000","0.0015","-0.0026"
"0.1200","0.0016","-0.0051"
"0.1400","0.0016","-0.0065"
"0.1600","0.0016","-0.0056"
"0.1800","0.0016","-0.0049"
"0.2000","0.0016","-0.0038"
"0.2200","0.0017","-0.0019"
"0.2400","0.0017","-0.0016"
"0.2600","0.0018","-0.0013"
"0.2800","0.0020","-0.0017"
"0.3000","0.0021","-0.0021"
"0.3200","0.0024","-0.0026"
"0.3400","0.0026","-0.0036"
"0.3600","0.0028","-0.0032"
"0.3800","0.0031","-0.0028"
"0.4000","0.0034","-0.0032"
"0.4200","0.0037","-0.0030"
"0.4400","0.0041","-0.0030"
"0.4600","0.0044","-0.0031"
"0.4800","0.0048","-0.0022"
"0.5000","0.0052","-0.0034"
"0.5200","0.0056","-0.0026"
"0.5400","0.0060","-0.0024"
"0.5600","0.0065","-0.0034"
"0.5800","0.0069","-0.0029"
"0.6000","0.0074","-0.0025"
"0.6200","0.0078","-0.0034"
"0.6400","0.0083","-0.0023"
"0.6600","0.0088","-0.0028"
"0.6800","0.0092","-0.0032"
"0.7000","0.0096","-0.0028"
"0.7200","0.0101","-0.0033"
"0.7400","0.0105","-0.0030"
"0.7600","0.0109","-0.0026"
"0.7800","0.0114","-0.0030"
"0.8000","0.0118","-0.0027"
"0.8200","0.0122","-0.0024"
"0.8400","0.0126","-0.0032"
"0.8600","0.0130","-0.0029"
"0.8800","0.0134","-0.0022"
"0.9000","0.0138","-0.0030"
"0.9200","0.0141","-0.0028"
"0.9400","0.0144","-0.0022"
"0.9600","0.0148","-0.0025"
"0.9800","0.0151","-0.0028"
"1.0000","0.0155","-0.0030"
"1.0200","0.0158","-0.0032"
"1.0400","0.0162","-0.0030"
"1.0600","0.0165","-0.0031"
"1.0800","0.0169","-0.0030"
"1.1000","0.0172","-0.0022"
"1.1200","0.0175","-0.0028"
"1.1400","0.0179","-0.0028"
"1.1600","0.0182","-0.0023"
"1.1800","0.0185","-0.0031"
"1.2000","0.0189","-0.0025"
"1.2200","0.0192","-0.0025"
"1.2400","0.0195","-0.0028"
"1.2600","0.0199","-0.0025"
"1.2800","0.0202","-0.0029"
"1.3000","0.0205","-0.0029"
"1.3200","0.0209","-0.0026"
"1.3400","0.0212","-0.0034"
"1.3600","0.0215","-0.0028"
"1.3800","0.0219","-0.0023"
"1.4000","0.0222","-0.0026"
"1.4200","0.0225","-0.0022"
"1.4400","0.0229","-0.0024"
"1.4600","0.0232","-0.0030"
"1.4800","0.0235","-0.0028"
"1.5000","0.0238","-0.0029"
"1.5200","0.0242","-0.0027"
"1.5400","0.0245","-0.0024"
"1.5600","0.0249","-0.0028"
"1.5800","0.0252","-0.0027"
"1.6000","0.0255","-0.0027"
"1.6200","0.0259","-0.0030"
"1.6400","0.0262","-0.0023"
"1.6600","0.0265","-0.0027"
"1.6800","0.0268","-0.0031"
"1.7000","0.0272","-0.0028"
"1.7200","0.0275","-0.0030"
"1.7400","0.0278","-0.0027"
"1.7600","0.0282","-0.0024"
"1.7800","0.0285","-0.0023"
"1.8000","0.0288","-0.0024"
"1.8200","0.0291","-0.0024"
"1.8400","0.0295","-0.0027"
"1.8600","0.0298","-0.0029"
"1.8800","0.0302","-0.0030"
"1.9000","0.0305","-0.0029"
"1.9200","0.0308","-0.0027"
"1.9400","0.0311","-0.0025"
"1.9600","0.0315","-0.0025"
"1.9800","0.0318","-0.0025"
"2.0000","0.0322","-0.0026"
"2.0200","0.0325","-0.0029"
"2.0400","0.0328","-0.0026"
"2.0600","0.0331","-0.0023"
"2.0800","0.0335","-0.0020"
"2.1000","0.0338","-0.0024"
"2.1200","0.0341","-0.0027"
"2.1400","0.0345","-0.0025"
"2.1600","0.0348","-0.0028"
"2.1800","0.0352","-0.0024"
"2.2000","0.0355","-0.0024"
"2.2200","0.0359","-0.0024"
"2.2400","0.0362","-0.0024"
"2.2600","0.0365","-0.0026"
"2.2800","0.0368","-0.0027"
"2.3000","0.0372","-0.0023"
"2.3200","0.0375","-0.0026"
"2.3400","0.0379","-0.0024"
"2.3600","0.0382","-0.0021"
"2.3800","0.0385","-0.0025"
"2.4000","0.0389","-0.0023"
"2.4200","0.0392","-0.0025"
"2.4400","0.0396","-0.0028"
"2.4600","0.0399","-0.0027"
"2.4800","0.0403","-0.0026"
"2.5000","0.0406","-0.0029"
"2.5200","0.0410","-0.0021"
"2.5400","0.0413","-0.0025"
"2.5600","0.0417","-0.0023"
"2.5800","0.0420","-0.0023"
"2.6000","0.0424","-0.0029"
"2.6200","0.0427","-0.0023"
"2.6400","0.0430","-0.0022"
"2.6600","0.0434","-0.0026"
"2.6800","0.0437","-0.0024"
"2.7000","0.0440","-0.0026"
"2.7200","0.0444","-0.0028"
"2.7400","0.0447","-0.0025"
"2.7600","0.0450","-0.0028"
"2.7800","0.0454","-0.0021"
"2.8000","0.0457","-0.0023"
"2.8200","0.0460","-0.0024"
"2.8400","0.0464","-0.0020"
"2.8600","0.0467","-0.0027"
"2.8800","0.0470","-0.0028"
"2.9000","0.0474","-0.0026"
"2.9200","0.0477","-0.0027"
"2.9400","0.0480","-0.0025"
"2.9600","0.0484","-0.0022"
"2.9800","0.0487","-0.0022"
"3.0000","0.0490","-0.0023"
"3.0200","0.0493","-0.0021"
"3.0400","0.0496","-0.0026"
"3.0600","0.0500","-0.0026"
"3.0800","0.0503","-0.0020"
"3.1000","0.0506","-0.0025"
"3.1200","0.0509","-0.0021"
"3.1400","0.0512","-0.0021"
"3.1600","0.0515","-0.0031"
"3.1800","0.0519","-0.0020"
"3.2000","0.0522","-0.0021"
"3.2200","0.0525","-0.0024"
"3.2400","0.0528","-0.0019"
"3.2600","0.0532","-0.0025"
"3.2800","0.0535","-0.0025"
"3.3000","0.0538","-0.0020"
"3.3200","0.0542","-0.0027"
"3.3400","0.0545","-0.0024"
"3.3600","0.0548","-0.0023"
"3.3800","0.0552","-0.0029"
"3.4000","0.0555","-0.0021"
"3.4200","0.0558","-0.0020"
"3.4400","0.0561","-0.0025"
"3.4600","0.0565","-0.0023"
"3.4800","0.0568","-0.0023"
"3.5000","0.0571","-0.0023"
"3.5200","0.0574","-0.0022"
"3.5400","0.0578","-0.0020"
"3.5600","0.0581","-0.0020"
"3.5800","0.0584","-0.0021"
"3.6000","0.0588","-0.0023"
"3.6200","0.0591","-0.0026"
"3.6400","0.0594","-0.0028"
"3.6600","0.0598","-0.0022"
"3.6800","0.0601","-0.0028"
"3.7000","0.0605","-0.0023"
"3.7200","0.0608","-0.0019"
"3.7400","0.0611","-0.0028"
"3.7600","0.0615","-0.0021"
"3.7800","0.0618","-0.0025"
"3.8000","0.0622","-0.0024"
"3.8200","0.0625","-0.0017"
"3.8400","0.0628","-0.0024"
"3.8600","0.0632","-0.0022"
"3.8800","0.0635","-0.0017"
"3.9000","0.0638","-0.0030"
"3.9200","0.0642","-0.0022"
"3.9400","0.0645","-0.0023"
"3.9600","0.0648","-0.0029"
"3.9800","0.0652","-0.0018"
"4.0000","0.0655","-0.0026"
"4.0200","0.0658","-0.0024"
"4.0400","0.0662","-0.0018"
"4.0600","0.0665","-0.0024"
"4.0800","0.0669","-0.0023"
"4.1000","0.0672","-0.0020"
"4.1200","0.0676","-0.0025"
"4.1400","0.0679","-0.0022"
"4.1600","0.0683","-0.0022"
"4.1800","0.0686","-0.0025"
"4.2000","0.0690","-0.0018"
"4.2200","0.0693","-0.0024"
"4.2400","0.0697","-0.0023"
"4.2600","0.0700","-0.0020"
"4.2800","0.0703","-0.0025"
"4.3000","0.0707","-0.0019"
"4.3200","0.0710","-0.0017"
"4.3400","0.0714","-0.0024"
"4.3600","0.0717","-0.0019"
"4.3800","0.0720","-0.0023"
"4.4000","0.0723","-0.0024"
"4.4200","0.0727","-0.0016"
"4.4400","0.0730","-0.0025"
"4.4600","0.0734","-0.0023"
"4.4800","0.0737","-0.0019"
"4.5000","0.0740","-0.0024"
"4.5200","0.0743","-0.0022"
"4.5400","0.0747","-0.0021"
"4.5600","0.0750","-0.0024"
"4.5800","0.0753","-0.0022"
"4.6000","0.0757","-0.0020"
"4.6200","0.0760","-0.0024"
"4.6400","0.0764","-0.0020"
"4.6600","0.0767","-0.0018"
"4.6800","0.0770","-0.0022"
"4.7000","0.0773","-0.0018"
"4.7200","0.0777","-0.0020"
"4.7400","0.0780","-0.0027"
"4.7600","0.0783","-0.0021"
"4.7800","0.0787","-0.0025"
"4.8000","0.0790","-0.0024"
"4.8200","0.0793","-0.0018"
"4.8400","0.0797","-0.0020"
"4.8600","0.0800","-0.0021"
"4.8800","0.0803","-0.0019"
"4.9000","0.0806","-0.0023"
"4.9200","0.0810","-0.0022"
"4.9400","0.0813","-0.0024"
"4.9600","0.0816","-0.0027"
"4.9800","0.0819","-0.0021"
"5.0000","0.0822","-0.0023"
"5.0200","0.0826","-0.0022"
"5.0400","0.0829","-0.0019"
"5.0600","0.0832","-0.0019"
"5.0800","0.0835","-0.0019"
"5.1000","0.0838","-0.0019"
"5.1200","0.0842","-0.0017"
"5.1400","0.0845","-0.0018"
"5.1600","0.0848","-0.0022"
"5.1800","0.0852","-0.0022"
"5.2000","0.0855","-0.0019"
"5.2200","0.0858","-0.0022"
"5.2400","0.0862","-0.0021"
"5.2600","0.0865","-0.0019"
"5.2800","0.0868","-0.0020"
"5.3000","0.0872","-0.0021"
"5.3200","0.0875","-0.0023"
"5.3400","0.0878","-0.0021"
"5.3600","0.0882","-0.0017"
"5.3800","0.0885","-0.0024"
"5.4000","0.0888","-0.0022"
"5.4200","0.0892","-0.0022"
"5.4400","0.0895","-0.0026"
"5.4600","0.0898","-0.0016"
"5.4800","0.0902","-0.0018"
"5.5000","0.0905","-0.0018"
"5.5200","0.0908","-0.0015"
"5.5400","0.0912","-0.0023"
"5.5600","0.0915","-0.0024"
"5.5800","0.0918","-0.0019"
"5.6000","0.0922","-0.0023"
"5.6200","0.0925","-0.0019"
"5.6400","0.0929","-0.0017"
"5.6600","0.0932","-0.0017"
"5.6800","0.0935","-0.0014"
"5.7000","0.0939","-0.0022"
"5.7200","0.0942","-0.0024"
"5.7400","0.0946","-0.0024"
"5.7600","0.0949","-0.0030"
"5.7800","0.0952","-0.0020"
"5.8000","0.0956","-0.0014"
"5.8200","0.0959","-0.0016"
"5.8400","0.0963","-0.0015"
"5.8600","0.0966","-0.0019"
"5.8800","0.0970","-0.0023"
"5.9000","0.0973","-0.0020"
"5.9200","0.0977","-0.0021"
"5.9400","0.0980","-0.0018"
"5.9600","0.0984","-0.0019"
"5.9800","0.0987","-0.0024"
"6.0000","0.0991","-0.0019"
"6.0200","0.0994","-0.0022"
"6.0400","0.0997","-0.0022"
"6.0600","0.1001","-0.0015"
"6.0800","0.1004","-0.0017"
"6.1000","0.1008","-0.0021"
"6.1200","0.1011","-0.0015"
"6.1400","0.1014","-0.0020"
"6.1600","0.1017","-0.0022"
"6.1800","0.1021","-0.0021"
"6.2000","0.1024","-0.0024"
"6.2200","0.1027","-0.0019"
"6.2400","0.1031","-0.0019"
"6.2600","0.1034","-0.0020"
"6.2800","0.1037","-0.0020"
"6.3000","0.1040","-0.0017"
"6.3200","0.1044","-0.0022"
"6.3400","0.1047","-0.0018"
"6.3600","0.1050","-0.0016"
"6.3800","0.1053","-0.0021"
"6.4000","0.1057","-0.0020"
"6.4200","0.1060","-0.0015"
"6.4400","0.1063","-0.0019"
"6.4600","0.1067","-0.0014"
"6.4800","0.1070","-0.0018"
"6.5000","0.1073","-0.0020"
"6.5200","0.1077","-0.0017"
"6.5400","0.1080","-0.0023"
"6.5600","0.1083","-0.0020"
"6.5800","0.1086","-0.0018"
"6.6000","0.1090","-0.0021"
"6.6200","0.1093","-0.0014"
"6.6400","0.1096","-0.0015"
"6.6600","0.1099","-0.0020"
"6.6800","0.1102","-0.0018"
"6.7000","0.1105","-0.0022"
"6.7200","0.1108","-0.0022"
"6.7400","0.1112","-0.0022"
"6.7600","0.1115","-0.0023"
"6.7800","0.1118","-0.0017"
"6.8000","0.1122","-0.0015"
"6.8200","0.1125","-0.0017"
"6.8400","0.1128","-0.0014"
"6.8600","0.1132","-0.0018"
"6.8800","0.1135","-0.0021"
"6.9000","0.1138","-0.0016"
"6.9200","0.1142","-0.0018"
"6.9400","0.1145","-0.0021"
"6.9600","0.1148","-0.0018"
"6.9800","0.1151","-0.0017"
"7.0000","0.1155","-0.0019"
"7.0200","0.1158","-0.0018"
"7.0400","0.1161","-0.0017"
"7.0600","0.1165","-0.0019"
"7.0800","0.1168","-0.0019"
"7.1000","0.1172","-0.0018"
"7.1200","0.1175","-0.0015"
"7.1400","0.1178","-0.0017"
"7.1600","0.1182","-0.0020"
"7.1800","0.1185","-0.0017"
"7.2000","0.1188","-0.0021"
"7.2200","0.1191","-0.0019"
"7.2400","0.1195","-0.0017"
"7.2600","0.1198","-0.0019"
"7.2800","0.1201","-0.0016"
"7.3000","0.1205","-0.0014"
"7.3200","0.1208","-0.0019"
"7.3400","0.1212","-0.0016"
"7.3600","0.1215","-0.0020"
"7.3800","0.1219","-0.0019"
"7.4000","0.1222","-0.0017"
"7.4200","0.1226","-0.0018"
"7.4400","0.1229","-0.0015"
"7.4600","0.1233","-0.0013"
"7.4800","0.1236","-0.0021"
"7.5000","0.1240","-0.0020"
"7.5200","0.1243","-0.0016"
"7.5400","0.1246","-0.0020"
"7.5600","0.1250","-0.0017"
"7.5800","0.1253","-0.0014"
"7.6000","0.1257","-0.0018"
"7.6200","0.1260","-0.0015"
"7.6400","0.1264","-0.0015"
"7.6600","0.1267","-0.0016"
"7.6800","0.1270","-0.0013"
"7.7000","0.1274","-0.0017"
"7.7200","0.1277","-0.0017"
"7.7400","0.1280","-0.0015"
"7.7600","0.1284","-0.0022"
"7.7800","0.1287","-0.0016"
"7.8000","0.1290","-0.0016"
"7.8200","0.1294","-0.0017"
"7.8400","0.1297","-0.0014"
"7.8600","0.1300","-0.0016"
"7.8800","0.1304","-0.0018"
"7.9000","0.1307","-0.0018"
"7.9200","0.1311","-0.0020"
"7.9400","0.1314","-0.0017"
"7.9600","0.1317","-0.0017"
"7.9800","0.1320","-0.0020"
"8.0000","0.1323","-0.0011"
"8.0200","0.1327","-0.0016"
"8.0400","0.1330","-0.0018"
"8.0600","0.1333","-0.0015"
"8.0800","0.1337","-0.0017"
"8.1000","0.1340","-0.0016"
"8.1200","0.1343","-0.0012"
"8.1400","0.1347","-0.0013"
"8.1600","0.1350","-0.0018"
"8.1800","0.1353","-0.0017"
"8.2000","0.1357","-0.0017"
"8.2200","0.1360","-0.0016"
"8.2400","0.1363","-0.0017"
"8.2600","0.1367","-0.0015"
"8.2800","0.1370","-0.0013"
"8.3000","0.1373","-0.0017"
"8.3200","0.1377","-0.0020"
"8.3400","0.1380","-0.0011"
"8.3600","0.1383","-0.0015"
"8.3800","0.1387","-0.0020"
"8.4000","0.1390","-0.0012"
"8.4200","0.1393","-0.0015"
"8.4400","0.1397","-0.0020"
"8.4600","0.1400","-0.0016"
"8.4800","0.1403","-0.0016"
"8.5000","0.1406","-0.0018"
"8.5200","0.1409","-0.0014"
"8.5400","0.1412","-0.0017"
"8.5600","0.1416","-0.0015"
"8.5800","0.1419","-0.0011"
"8.6000","0.1422","-0.0016"
"8.6200","0.1425","-0.0012"
"8.6400","0.1428","-0.0014"
"8.6600","0.1432","-0.0017"
"8.6800","0.1435","-0.0009"
"8.7000","0.1438","-0.0015"
"8.7200","0.1442","-0.0019"
"8.7400","0.1445","-0.0014"
"8.7600","0.1449","-0.0022"
"8.7800","0.1452","-0.0019"
"8.8000","0.1455","-0.0014"
"8.8200","0.1458","-0.0015"
"8.8400","0.1462","-0.0008"
"8.8600","0.1465","-0.0011"
"8.8800","0.1469","-0.0016"
"8.9000","0.1472","-0.0015"
"8.9200","0.1475","-0.0023"
"8.9400","0.1479","-0.0017"
"8.9600","0.1482","-0.0014"
"8.9800","0.1486","-0.0018"
"9.0000","0.1489","-0.0009"
"9.0200","0.1492","-0.0012"
"9.0400","0.1496","-0.0017"
"9.0600","0.1499","-0.0012"
"9.0800","0.1502","-0.0015"
"9.1000","0.1506","-0.0016"
"9.1200","0.1509","-0.0009"
"9.1400","0.1513","-0.0015"
"9.1600","0.1516","-0.0012"
"9.1800","0.1519","-0.0010"
"9.2000","0.1523","-0.0022"
"9.2200","0.1526","-0.0018"
"9.2400","0.1530","-0.0016"
"9.2600","0.1533","-0.0019"
"9.2800","0.1537","-0.0009"
"9.3000","0.1540","-0.0010"
"9.3200","0.1544","-0.0017"
"9.3400","0.1547","-0.0012"
"9.3600","0.1551","-0.0016"
"9.3800","0.1554","-0.0018"
"9.4000","0.1558","-0.0013"
"9.4200","0.1561","-0.0012"
"9.4400","0.1564","-0.0011"
"9.4600","0.1568","-0.0011"
"9.4800","0.1571","-0.0018"
"9.5000","0.1574","-0.0014"
"9.5200","0.1578","-0.0014"
"9.5400","0.1581","-0.0023"
"9.5600","0.1584","-0.0015"
"9.5800","0.1587","-0.0016"
"9.6000","0.1590","-0.0021"
"9.6200","0.1593","-0.0009"
"9.6400","0.1597","-0.0012"
"9.6600","0.1600","-0.0012"
"9.6800","0.1603","-0.0006"
"9.7000","0.1607","-0.0012"
"9.7200","0.1610","-0.0016"
"9.7400","0.1613","-0.0010"
"9.7600","0.1617","-0.0018"
"9.7800","0.1620","-0.0013"
"9.8000","0.1623","-0.0009"
"9.8200","0.1627","-0.0018"
"9.8400","0.1630","-0.0013"
"9.8600","0.1633","-0.0009"
"9.8800","0.1637","-0.0014"
"9.9000","0.1640","-0.0012"
"9.9200","0.1643","-0.0008"
"9.9400","0.1646","-0.0015"
"9.9600","0.1650","-0.0015"
"9.9800","0.1653","-0.0014"
"10.0000","0.1656","-0.0012"
"10.0200","0.1659","-0.0017"
"10.0400","0.1663","-0.0014"
"10.0600","0.1666","-0.0012"
"10.0800","0.1669","-0.0015"
"10.1000","0.1672","-0.0010"
"10.1200","0.1676","-0.0010"
"10.1400","0.1679","-0.0012"
"10.1600","0.1682","-0.0010"
"10.1800","0.1685","-0.0014"
"10.2000","0.1688","-0.0016"
"10.2200","0.1692","-0.0015"
"10.2400","0.1695","-0.0015"
"10.2600","0.1699","-0.0017"
"10.2800","0.1702","-0.0010"
"10.3000","0.1705","-0.0010"
"10.3200","0.1709","-0.0012"
"10.3400","0.1712","-0.0009"
"10.3600","0.1715","-0.0014"
"10.3800","0.1718","-0.0011"
"10.4000","0.1722","-0.0011"
"10.4200","0.1725","-0.0019"
"10.4400","0.1728","-0.0010"
"10.4600","0.1732","-0.0012"
"10.4800","0.1735","-0.0020"
"10.5000","0.1738","-0.0011"
"10.5200","0.1741","-0.0014"
"10.5400","0.1745","-0.0012"
"10.5600","0.1748","-0.0008"
"10.5800","0.1752","-0.0011"
"10.6000","0.1755","-0.0014"
"10.6200","0.1759","-0.0009"
"10.6400","0.1762","-0.0015"
"10.6600","0.1766","-0.0007"
"10.6800","0.1769","-0.0003"
"10.7000","0.1773","-0.0012"
"10.7200","0.1776","-0.0009"
"10.7400","0.1779","-0.0013"
"10.7600","0.1783","-0.0020"
"10.7800","0.1786","-0.0018"
"10.8000","0.1789","-0.0013"
"10.8200","0.1793","-0.0012"
"10.8400","0.1796","-0.0012"
"10.8600","0.1799","-0.0007"
"10.8800","0.1802","-0.0007"
"10.9000","0.1806","-0.0015"
"10.9200","0.1809","-0.0009"
"10.9400","0.1812","-0.0012"
"10.9600","0.1816","-0.0015"
"10.9800","0.1819","-0.0007"
"11.0000","0.1822","-0.0013"
"11.0200","0.1826","-0.0013"
"11.0400","0.1829","-0.0008"
"11.0600","0.1833","-0.0017"
"11.0800","0.1836","-0.0011"
"11.1000","0.1840","-0.0008"
"11.1200","0.1843","-0.0017"
"11.1400","0.1846","-0.0003"
"11.1600","0.1850","-0.0008"
"11.1800","0.1853","-0.0018"
"11.2000","0.1856","-0.0007"
"11.2200","0.1860","-0.0012"
"11.2400","0.1863","-0.0014"
"11.2600","0.1867","-0.0008"
"11.2800","0.1870","-0.0009"
"11.3000","0.1873","-0.0010"
"11.3200","0.1877","-0.0014"
"11.3400","0.1880","-0.0017"
"11.3600","0.1883","-0.0013"
"11.3800","0.1887","-0.0013"
"11.4000","0.1890","-0.0011"
"11.4200","0.1893","-0.0009"
"11.4400","0.1897","-0.0009"
"11.4600","0.1900","-0.0009"
"11.4800","0.1903","-0.0012"
"11.5000","0.1907","-0.0010"
"11.5200","0.1910","-0.0009"
"11.5400","0.1913","-0.0013"
"11.5600","0.1916","-0.0008"
"11.5800","0.1919","-0.0010"
"11.6000","0.1923","-0.0014"
"11.6200","0.1926","-0.0008"
"11.6400","0.1929","-0.0011"
"11.6600","0.1932","-0.0013"
"11.6800","0.1935","-0.0003"
"11.7000","0.1939","-0.0006"
"11.7200","0.1942","-0.0009"
"11.7400","0.1945","-0.0009"
"11.7600","0.1949","-0.0014"
"11.7800","0.1952","-0.0015"
"11.8000","0.1955","-0.0011"
"11.8200","0.1959","-0.0015"
"11.8400","0.1962","-0.0007"
"11.8600","0.1965","-0.0009"
"11.8800","0.1969","-0.0009"
"11.9000","0.1972","-0.0005"
"11.9200","0.1975","-0.0013"
"11.9400","0.1979","-0.0013"
"11.9600","0.1982","-0.0010"
"11.9800","0.1985","-0.0014"
"12.0000","0.1989","-0.0013"
"12.0200","0.1992","-0.0008"
"12.0400","0.1996","-0.0009"
"12.0600","0.1999","-0.0005"
"12.0800","0.2003","-0.0008"
"12.1000","0.2006","-0.0011"
"12.1200","0.2009","-0.0008"
"12.1400","0.2013","-0.0012"
"12.1600","0.2016","-0.0012"
"12.1800","0.2019","-0.0010"
"12.2000","0.2023","-0.0011"
"12.2200","0.2027","-0.0009"
"12.2400","0.2030","-0.0009"
"12.2600","0.2034","-0.0013"
"12.2800","0.2037","-0.0009"
"12.3000","0.2041","-0.0008"
"12.3200","0.2044","-0.0012"
"12.3400","0.2048","-0.0003"
"12.3600","0.2051","-0.0005"
"12.3800","0.2054","-0.0009"
"12.4000","0.2058","-0.0013"
"12.4200","0.2061","-0.0014"
"12.4400","0.2064","-0.0011"
"12.4600","0.2068","-0.0010"
"12.4800","0.2071","-0.0010"
"12.5000","0.2074","-0.0005"
"12.5200","0.2077","-0.0007"
"12.5400","0.2081","-0.0010"
"12.5600","0.2084","-0.0008"
"12.5800","0.2087","-0.0007"
"12.6000","0.2091","-0.0012"
"12.6200","0.2094","-0.0012"
"12.6400","0.2097","-0.0006"
"12.6600","0.2101","-0.0008"
"12.6800","0.2104","-0.0008"
"12.7000","0.2108","-0.0008"
"12.7200","0.2111","-0.0007"
"12.7400","0.2114","-0.0007"
"12.7600","0.2117","-0.0013"
"12.7800","0.2121","-0.0010"
"12.8000","0.2124","-0.0013"
"12.8200","0.2127","-0.0012"
"12.8400","0.2130","-0.0006"
"12.8600","0.2133","-0.0003"
"12.8800","0.2136","-0.0008"
"12.9000","0.2140","-0.0005"
"12.9200","0.2143","-0.0008"
"12.9400","0.2146","-0.0014"
"12.9600","0.2149","-0.0008"
"12.9800","0.2152","-0.0006"
"13.0000","0.2156","-0.0010"
"13.0200","0.2159","-0.0009"
"13.0400","0.2162","-0.0006"
"13.0600","0.2165","-0.0011"
"13.0800","0.2168","-0.0008"
"13.1000","0.2172","-0.0011"
"13.1200","0.2175","-0.0009"
"13.1400","0.2178","-0.0005"
"13.1600","0.2181","-0.0012"
"13.1800","0.2185","-0.0006"
"13.2000","0.2188","-0.0002"
"13.2200","0.2191","-0.0008"
"13.2400","0.2195","-0.0006"
"13.2600","0.2198","-0.0005"
"13.2800","0.2202","-0.0013"
"13.3000","0.2205","-0.0010"
"13.3200","0.2208","-0.0008"
"13.3400","0.2211","-0.0013"
"13.3600","0.2215","-0.0007"
"13.3800","0.2218","-0.0004"
"13.4000","0.2221","-0.0005"
"13.4200","0.2225","-0.0005"
"13.4400","0.2228","-0.0007"
"13.4600","0.2231","-0.0006"
"13.4800","0.2235","-0.0005"
"13.5000","0.2238","-0.0009"
"13.5200","0.2241","-0.0010"
"13.5400","0.2245","-0.0007"
"13.5600","0.2248","-0.0012"
"13.5800","0.2252","-0.0009"
"13.6000","0.2255","-0.0004"
"13.6200","0.2258","-0.0007"
"13.6400","0.2262","-0.0008"
"13.6600","0.2265","-0.0005"
"13.6800","0.2269","-0.0008"
"13.7000","0.2272","-0.0009"
"13.7200","0.2275","-0.0004"
"13.7400","0.2278","-0.0005"
"13.7600","0.2281","-0.0006"
"13.7800","0.2285","-0.0008"
"13.8000","0.2288","-0.0009"
"13.8200","0.2292","-0.0005"
"13.8400","0.2295","-0.0010"
"13.8600","0.2299","-0.0007"
"13.8800","0.2302","-0.0002"
"13.9000","0.2306","-0.0010"
"13.9200","0.2309","-0.0005"
"13.9400","0.2313","-0.0006"
"13.9600","0.2316","-0.0014"
"13.9800","0.2320","-0.0005"
"14.0000","0.2324","-0.0011"
"14.0200","0.2327","-0.0009"
"14.0400","0.2330","0.0001"
"14.0600","0.2334","-0.0006"
"14.0800","0.2337","-0.0007"
"14.1000","0.2340","-0.0007"
"14.1200","0.2344","-0.0015"
"14.1400","0.2347","-0.0006"
"14.1600","0.2350","-0.0005"
"14.1800","0.2354","-0.0008"
"14.2000","0.2357","0.0000"
"14.2200","0.2361","-0.0003"
"14.2400","0.2364","-0.0006"
"14.2600","0.2367","-0.0004"
"14.2800","0.2371","-0.0008"
"14.3000","0.2374","-0.0011"
"14.3200","0.2378","-0.0007"
"14.3400","0.2381","-0.0012"
"14.3600","0.2384","-0.0002"
"14.3800","0.2387","-0.0005"
"14.4000","0.2391","-0.0010"
"14.4200","0.2394","-0.0006"
"14.4400","0.2397","-0.0006"
"14.4600","0.2400","-0.0012"
"14.4800","0.2404","-0.0005"
"14.5000","0.2407","-0.0004"
"14.5200","0.2410","-0.0006"
"14.5400","0.2414","0.0000"
"14.5600","0.2417","-0.0006"
"14.5800","0.2420","-0.0009"
"14.6000","0.2423","-0.0005"
"14.6200","0.2427","-0.0007"
"14.6400","0.2430","-0.0007"
"14.6600","0.2433","-0.0006"
"14.6800","0.2437","-0.0008"
"14.7000","0.2440","0.0000"
"14.7200","0.2443","-0.0005"
"14.7400","0.2447","-0.0006"
"14.7600","0.2450","-0.0001"
"14.7800","0.2453","-0.0011"
"14.8000","0.2457","-0.0011"
"14.8200","0.2460","-0.0004"
"14.8400","0.2463","-0.0007"
"14.8600","0.2466","-0.0005"
"14.8800","0.2469","-0.0002"
"14.9000","0.2473","-0.0007"
"14.9200","0.2476","-0.0001"
"14.9400","0.2479","-0.0007"
"14.9600","0.2482","-0.0009"
"14.9800","0.2485","-0.0002"
"15.0000","0.2488","-0.0009"
"15.0200","0.2492","-0.0008"
"15.0400","0.2495","-0.0002"
"15.0600","0.2498","-0.0012"
"15.0800","0.2502","-0.0005"
"15.1000","0.2505","-0.0004"
"15.1200","0.2508","-0.0008"
"15.1400","0.2512","-0.0001"
"15.1600","0.2515","-0.0002"
"15.1800","0.2518","-0.0003"
"15.2000","0.2522","-0.0005"
"15.2200","0.2525","-0.0012"
"15.2400","0.2528","-0.0007"
"15.2600","0.2532","-0.0007"
"15.2800","0.2535","-0.0010"
"15.3000","0.2539","0.0000"
"15.3200","0.2542","-0.0003"
"15.3400","0.2545","-0.0005"
"15.3600","0.2549","-0.0003"
"15.3800","0.2552","-0.0005"
"15.4000","0.2555","-0.0007"
"15.4200","0.2558","-0.0009"
"15.4400","0.2562","-0.0007"
"15.4600","0.2565","-0.0002"
"15.4800","0.2569","-0.0007"
"15.5000","0.2572","-0.0006"
"15.5200","0.2576","0.0001"
"15.5400","0.2580","-0.0009"
"15.5600","0.2583","-0.0001"
"15.5800","0.2587","-0.0002"
"15.6000","0.2590","-0.0008"
"15.6200","0.2594","-0.0004"
"15.6400","0.2597","-0.0005"
"15.6600","0.2600","-0.0011"
"15.6800","0.2604","0.0000"
"15.7000","0.2607","-0.0004"
"15.7200","0.2610","-0.0003"
"15.7400","0.2614","0.0003"
"15.7600","0.2617","-0.0005"
"15.7800","0.2621","-0.0005"
"15.8000","0.2624","-0.0002"
"15.8200","0.2627","-0.0010"
"15.8400","0.2631","-0.0006"
"15.8600","0.2634","0.0000"
"15.8800","0.2638","-0.0011"
"15.9000","0.2641","-0.0005"
"15.9200","0.2644","0.0005"
"15.9400","0.2647","-0.0006"
"15.9600","0.2651","-0.0003"
"15.9800","0.2654","-0.0002"
"16.0000","0.2657","-0.0008"
"16.0200","0.2661","-0.0004"
"16.0400","0.2664","-0.0005"
"16.0600","0.2667","-0.0010"
"16.0800","0.2671","-0.0004"
"16.1000","0.2674","-0.0005"
"16.1200","0.2677","-0.0007"
"16.1400","0.2680","0.0003"
"16.1600","0.2684","-0.0004"
"16.1800","0.2687","-0.0005"
"16.2000","0.2690","0.0001"
"16.2200","0.2693","-0.0008"
"16.2400","0.2697","-0.0004"
"16.2600","0.2700","-0.0001"
"16.2800","0.2703","-0.0009"
"16.3000","0.2707","-0.0002"
"16.3200","0.2710","-0.0001"
"16.3400","0.2713","-0.0007"
"16.3600","0.2716","0.0000"
"16.3800","0.2720","-0.0003"
"16.4000","0.2723","-0.0008"
"16.4200","0.2726","0.0001"
"16.4400","0.2730","-0.0004"
"16.4600","0.2733","-0.0004"
"16.4800","0.2736","-0.0001"
"16.5000","0.2739","-0.0008"
"16.5200","0.2743","-0.0005"
"16.5400","0.2746","-0.0004"
"16.5600","0.2749","-0.0007"
"16.5800","0.2752","0.0003"
"16.6000","0.2755","0.0001"
"16.6200","0.2758","-0.0004"
"16.6400","0.2762","0.0000"
"16.6600","0.2765","-0.0009"
"16.6800","0.2768","-0.0003"
"16.7000","0.2772","0.0001"
"16.7200","0.2775","-0.0006"
"16.7400","0.2778","0.0003"
"16.7600","0.2782","0.0000"
"16.7800","0.2785","-0.0009"
"16.8000","0.2789","-0.0002"
"16.8200","0.2792","-0.0006"
"16.8400","0.2795","-0.0008"
"16.8600","0.2798","0.0001"
"16.8800","0.2802","-0.0005"
"16.9000","0.2805","-0.0002"
"16.9200","0.2808","0.0000"
"16.9400","0.2811","-0.0006"
"16.9600","0.2814","-0.0002"
"16.9800","0.2817","-0.0002"
"17.0000","0.2820","-0.0008"
"17.0200","0.2824","0.0000"
"17.0400","0.2827","-0.0002"
"17.0600","0.2831","-0.0004"
"17.0800","0.2834","0.0003"
"17.1000","0.2838","-0.0005"
"17.1200","0.2841","-0.0006"
"17.1400","0.2845","-0.0001"
"17.1600","0.2848","-0.0005"
"17.1800","0.2852","-0.0004"
"17.2000","0.2856","0.0002"
"17.2200","0.2859","-0.0004"
"17.2400","0.2862","-0.0003"
"17.2600","0.2866","-0.0007"
"17.2800","0.2869","-0.0006"
"17.3000","0.2872","-0.0001"
"17.3200","0.2876","-0.0004"
"17.3400","0.2879","0.0001"
"17.3600","0.2882","0.0002"
"17.3800","0.2886","-0.0002"
"17.4000","0.2889","-0.0006"
"17.4200","0.2893","-0.0001"
"17.4400","0.2896","-0.0004"
"17.4600","0.2900","0.0000"
"17.4800","0.2903","-0.0002"
"17.5000","0.2907","-0.0001"
"17.5200","0.2910","-0.0004"
"17.5400","0.2914","-0.0004"
"17.5600","0.2917","-0.0005"
"17.5800","0.2921","-0.0006"
"17.6000","0.2924","-0.0003"
"17.6200","0.2927","0.0001"
"17.6400","0.2931","0.0004"
"17.6600","0.2934","-0.0003"
"17.6800","0.2937","-0.0001"
"17.7000","0.2941","0.0001"
"17.7200","0.2944","-0.0006"
"17.7400","0.2947","-0.0001"
"17.7600","0.2950","0.0003"
"17.7800","0.2954","0.0000"
"17.8000","0.2957","-0.0001"
"17.8200","0.2960","0.0000"
"17.8400","0.2963","-0.0002"
"17.8600","0.2967","-0.0002"
"17.8800","0.2970","-0.0003"
"17.9000","0.2973","0.0002"
"17.9200","0.2977","0.0004"
"17.9400","0.2980","0.0001"
"17.9600","0.2984","0.0002"
"17.9800","0.2987","-0.0001"
"18.0000","0.2990","-0.0003"
"18.0200","0.2993","-0.0003"
"18.0400","0.2997","-0.0002"
"18.0600","0.3000","-0.0002"
"18.0800","0.3003","0.0001"
"18.1000","0.3007","-0.0001"
"18.1200","0.3010","-0.0002"
"18.1400","0.3013","-0.0002"
"18.1600","0.3016","-0.0004"
"18.1800","0.3020","0.0002"
"18.2000","0.3023","0.0000"
"18.2200","0.3026","-0.0001"
"18.2400","0.3030","0.0003"
"18.2600","0.3033","-0.0001"
"18.2800","0.3036","-0.0004"
"18.3000","0.3039","0.0002"
"18.3200","0.3042","-0.0002"
"18.3400","0.3046","-0.0002"
"18.3600","0.3049","0.0002"
"18.3800","0.3052","0.0003"
"18.4000","0.3055","0.0003"
"18.4200","0.3059","0.0000"
"18.4400","0.3062","-0.0003"
"18.4600","0.3065","0.0003"
"18.4800","0.3069","-0.0002"
"18.5000","0.3072","-0.0003"
"18.5200","0.3075","0.0004"
"18.5400","0.3079","-0.0002"
"18.5600","0.3082","-0.0002"
"18.5800","0.3085","0.0001"
"18.6000","0.3089","-0.0002"
"18.6200","0.3092","0.0000"
"18.6400","0.3096","0.0001"
"18.6600","0.3099","0.0000"
"18.6800","0.3102","0.0000"
"18.7000","0.3106","0.0001"
"18.7200","0.3109","0.0003"
"18.7400","0.3113","0.0008"
"18.7600","0.3116","0.0006"
"18.7800","0.3119","0.0000"
"18.8000","0.3123","0.0000"
"18.8200","0.3126","0.0000"
"18.8400","0.3130","-0.0004"
"18.8600","0.3133","0.0003"
"18.8800","0.3137","0.0003"
"18.9000","0.3140","0.0000"
"18.9200","0.3144","0.0001"
"18.9400","0.3147","0.0003"
"18.9600","0.3151","0.0000"
"18.9800","0.3154","0.0002"
"19.0000","0.3157","0.0006"
"19.0200","0.3160","-0.0004"
"19.0400","0.3164","0.0001"
"19.0600","0.3167","0.0002"
"19.0800","0.3170","-0.0008"
"19.1000","0.3174","0.0004"
"19.1200","0.3177","0.0002"
"19.1400","0.3180","-0.0005"
"19.1600","0.3184","0.0007"
"19.1800","0.3187","-0.0002"
"19.2000","0.3190","0.0000"
"19.2200","0.3194","0.0009"
"19.2400","0.3197","-0.0006"
"19.2600","0.3200","0.0002"
"19.2800","0.3203","0.0005"
"19.3000","0.3207","-0.0006"
"19.3200","0.3210","0.0004"
"19.3400","0.3214","0.0001"
"19.3600","0.3217","-0.0007"
"19.3800","0.3220","0.0008"
"19.4000","0.3224","-0.0002"
"19.4200","0.3227","-0.0001"
"19.4400","0.3230","0.0005"
"19.4600","0.3233","-0.0005"
"19.4800","0.3237","-0.0001"
"19.5000","0.3240","0.0005"
"19.5200","0.3243","-0.0004"
"19.5400","0.3247","0.0004"
"19.5600","0.3250","0.0004"
"19.5800","0.3253","-0.0002"
"19.6000","0.3256","0.0005"
"19.6200","0.3260","0.0003"
"19.6400","0.3263","0.0001"
"19.6600","0.3266","0.0005"
"19.6800","0.3269","0.0000"
"19.7000","0.3272","0.0000"
"19.7200","0.3275","0.0003"
"19.7400","0.3278","0.0001"
"19.7600","0.3281","0.0006"
"19.7800","0.3285","0.0005"
"19.8000","0.3288","0.0000"
"19.8200","0.3291","0.0002"
"19.8400","0.3295","-0.0003"
"19.8600","0.3298","-0.0001"
"19.8800","0.3301","0.0006"
"19.9000","0.3305","0.0004"
"19.9200","0.3308","0.0004"
"19.9400","0.3311","0.0007"
"19.9600","0.3315","0.0002"
"19.9800","0.3318","0.0004"
"20.0000","0.3322","0.0000"
"20.0200","0.3325","0.0000"
"20.0400","0.3328","0.0005"
"20.0600","0.3332","0.0002"
"20.0800","0.3335","0.0008"
"20.1000","0.3338","0.0005"
"20.1200","0.3342","0.0000"
"20.1400","0.3345","0.0003"
"20.1600","0.3348","-0.0002"
"20.1800","0.3352","0.0002"
"20.2000","0.3355","0.0001"
"20.2200","0.3358","0.0002"
"20.2400","0.3361","0.0008"
"20.2600","0.3364","0.0000"
"20.2800","0.3368","0.0004"
"20.3000","0.3371","0.0006"
"20.3200","0.3375","-0.0002"
"20.3400","0.3378","0.0002"
"20.3600","0.3382","0.0003"
"20.3800","0.3385","0.0000"
"20.4000","0.3389","0.0002"
"20.4200","0.3392","0.0003"
"20.4400","0.3396","0.0004"
"20.4600","0.3399","0.0002"
"20.4800","0.3403","0.0004"
"20.5000","0.3406","0.0004"
"20.5200","0.3409","0.0002"
"20.5400","0.3413","0.0005"
"20.5600","0.3416","0.0001"
"20.5800","0.3420","0.0003"
"20.6000","0.3423","0.0003"
"20.6200","0.3426","0.0001"
"20.6400","0.3430","0.0004"
"20.6600","0.3433","0.0001"
"20.6800","0.3437","-0.0003"
"20.7000","0.3440","0.0006"
"20.7200","0.3444","0.0005"
"20.7400","0.3447","0.0003"
"20.7600","0.3450","0.0009"
"20.7800","0.3453","0.0004"
"20.8000","0.3457","0.0001"
"20.8200","0.3460","0.0003"
"20.8400","0.3463","-0.0001"
"20.8600","0.3467","0.0004"
"20.8800","0.3470","0.0006"
"20.9000","0.3473","0.0004"
"20.9200","0.3477","0.0008"
"20.9400","0.3480","0.0008"
"20.9600","0.3484","0.0003"
"20.9800","0.3487","0.0008"
"21.0000","0.3490","0.0004"
"21.0200","0.3493","0.0004"
"21.0400","0.3497","0.0006"
"21.0600","0.3500","0.0001"
"21.0800","0.3503","0.0006"
"21.1000","0.3507","0.0005"
"21.1200","0.3510","0.0001"
"21.1400","0.3514","0.0005"
"21.1600","0.3517","0.0001"
"21.1800","0.3520","0.0005"
"21.2000","0.3523","0.0008"
"21.2200","0.3527","0.0002"
"21.2400","0.3530","0.0008"
"21.2600","0.3533","0.0008"
"21.2800","0.3536","0.0001"
"21.3000","0.3539","0.0012"
"21.3200","0.3543","0.0005"
"21.3400","0.3546","0.0002"
"21.3600","0.3549","0.0006"
"21.3800","0.3552","-0.0001"
"21.4000","0.3556","0.0007"
"21.4200","0.3559","0.0008"
"21.4400","0.3562","0.0001"
"21.4600","0.3565","0.0010"
"21.4800","0.3569","0.0005"
"21.5000","0.3572","0.0000"
"21.5200","0.3575","0.0009"
"21.5400","0.3578","0.0001"
"21.5600","0.3582","0.0002"
"21.5800","0.3585","0.0010"
"21.6000","0.3589","0.0000"
"21.6200","0.3592","0.0008"
"21.6400","0.3595","0.0008"
"21.6600","0.3599","0.0001"
"21.6800","0.3602","0.0005"
"21.7000","0.3605","0.0005"
"21.7200","0.3609","0.0002"
"21.7400","0.3612","0.0009"
"21.7600","0.3615","0.0008"
"21.7800","0.3619","0.0005"
"21.8000","0.3622","0.0008"
"21.8200","0.3626","0.0006"
"21.8400","0.3629","0.0004"
"21.8600","0.3632","0.0007"
"21.8800","0.3636","0.0002"
"21.9000","0.3639","0.0000"
"21.9200","0.3642","0.0005"
"21.9400","0.3645","0.0003"
"21.9600","0.3649","0.0006"
"21.9800","0.3652","0.0010"
"22.0000","0.3655","0.0007"
"22.0200","0.3659","0.0007"
"22.0400","0.3662","0.0008"
"22.0600","0.3665","0.0006"
"22.0800","0.3669","0.0005"
"22.1000","0.3672","0.0004"
"22.1200","0.3676","0.0004"
"22.1400","0.3679","0.0006"
"22.1600","0.3683","0.0007"
"22.1800","0.3686","0.0006"
"22.2000","0.3690","0.0009"
"22.2200","0.3693","0.0007"
"22.2400","0.3697","0.0004"
"22.2600","0.3700","0.0006"
"22.2800","0.3704","0.0007"
"22.3000","0.3707","0.0005"
"22.3200","0.3710","0.0004"
"22.3400","0.3714","0.0009"
"22.3600","0.3717","0.0008"
"22.3800","0.3720","0.0001"
"22.4000","0.3724","0.0009"
"22.4200","0.3727","0.0006"
"22.4400","0.3730","0.0003"
"22.4600","0.3734","0.0010"
"22.4800","0.3737","0.0009"
"22.5000","0.3740","0.0004"
"22.5200","0.3744","0.0011"
"22.5400","0.3747","0.0002"
"22.5600","0.3750","0.0005"
"22.5800","0.3754","0.0007"
"22.6000","0.3757","0.0001"
"22.6200","0.3761","0.0013"
"22.6400","0.3764","0.0007"
"22.6600","0.3768","0.0002"
"22.6800","0.3771","0.0009"
"22.7000","0.3774","0.0001"
"22.7200","0.3777","-0.0001"
"22.7400","0.3780","0.0014"
"22.7600","0.3783","0.0008"
"22.7800","0.3787","0.0005"
"22.8000","0.3790","0.0016"
"22.8200","0.3793","0.0007"
"22.8400","0.3797","0.0005"
"22.8600","0.3800","0.0007"
"22.8800","0.3803","0.0005"
"22.9000","0.3806","0.0005"
"22.9200","0.3810","0.0012"
"22.9400","0.3813","0.0004"
"22.9600","0.3816","0.0011"
"22.9800","0.3819","0.0011"
"23.0000","0.3822","0.0003"
"23.0200","0.3825","0.0007"
"23.0400","0.3828","0.0008"
"23.0600","0.3831","0.0007"
"23.0800","0.3835","0.0010"
"23.1000","0.3838","0.0009"
"23.1200","0.3841","0.0003"
"23.1400","0.3845","0.0003"
"23.1600","0.3848","0.0005"
"23.1800","0.3851","0.0009"
"23.2000","0.3854","0.0010"
"23.2200","0.3858","0.0009"
"23.2400","0.3861","0.0010"
"23.2600","0.3864","0.0005"
"23.2800","0.3867","0.0007"
"23.3000","0.3871","0.0005"
"23.3200","0.3874","0.0005"
"23.3400","0.3877","0.0011"
"23.3600","0.3881","0.0010"
"23.3800","0.3884","0.0010"
"23.4000","0.3888","0.0012"
"23.4200","0.3891","0.0006"
"23.4400","0.3895","0.0005"
"23.4600","0.3898","0.0006"
"23.4800","0.3901","0.0009"
"23.5000","0.3904","0.0009"
"23.5200","0.3907","0.0008"
"23.5400","0.3911","0.0011"
"23.5600","0.3914","0.0006"
"23.5800","0.3917","0.0008"
"23.6000","0.3921","0.0008"
"23.6200","0.3925","0.0004"
"23.6400","0.3928","0.0007"
"23.6600","0.3932","0.0008"
"23.6800","0.3935","0.0004"
"23.7000","0.3939","0.0008"
"23.7200","0.3942","0.0011"
"23.7400","0.3946","0.0008"
"23.7600","0.3949","0.0011"
"23.7800","0.3952","0.0012"
"23.8000","0.3956","0.0008"
"23.8200","0.3959","0.0007"
"23.8400","0.3963","0.0012"
"23.8600","0.3966","0.0006"
"23.8800","0.3970","0.0010"
"23.9000","0.3973","0.0008"
"23.9200","0.3977","0.0007"
"23.9400","0.3980","0.0013"
"23.9600","0.3984","0.0009"
"23.9800","0.3987","0.0009"
"24.0000","0.3990","0.0012"
"24.0200","0.3994","0.0009"
"24.0400","0.3997","0.0006"
"24.0600","0.4000","0.0009"
"24.0800","0.4004","0.0009"
"24.1000","0.4007","0.0009"
"24.1200","0.4010","0.0010"
"24.1400","0.4014","0.0008"
"24.1600","0.4017","0.0004"
"24.1800","0.4020","0.0011"
"24.2000","0.4024","0.0008"
"24.2200","0.4027","0.0011"
"24.2400","0.4030","0.0015"
"24.2600","0.4034","0.0008"
"24.2800","0.4037","0.0009"
"24.3000","0.4041","0.0012"
"24.3200","0.4044","0.0009"
"24.3400","0.4047","0.0012"
"24.3600","0.4051","0.0010"
"24.3800","0.4054","0.0008"
"24.4000","0.4057","0.0013"
"24.4200","0.4060","0.0006"
"24.4400","0.4064","0.0009"
"24.4600","0.4067","0.0008"
"24.4800","0.4070","0.0004"
"24.5000","0.4074","0.0015"
"24.5200","0.4077","0.0006"
"24.5400","0.4080","0.0010"
"24.5600","0.4083","0.0016"
"24.5800","0.4087","0.0007"
"24.6000","0.4090","0.0011"
"24.6200","0.4093","0.0013"
"24.6400","0.4097","0.0005"
"24.6600","0.4100","0.0016"
"24.6800","0.4103","0.0010"
"24.7000","0.4107","0.0004"
"24.7200","0.4110","0.0013"
"24.7400","0.4113","0.0008"
"24.7600","0.4116","0.0009"
"24.7800","0.4120","0.0016"
"24.8000","0.4123","0.0011"
"24.8200","0.4126","0.0014"
"24.8400","0.4129","0.0013"
"24.8600","0.4132","0.0003"
"24.8800","0.4135","0.0010"
"24.9000","0.4139","0.0010"
"24.9200","0.4142","0.0005"
"24.9400","0.4145","0.0011"
"24.9600","0.4148","0.0011"
"24.9800","0.4152","0.0011"
"25.0000","0.4155","0.0013"
"25.0200","0.4158","0.0012"
"25.0400","0.4162","0.0008"
"25.0600","0.4165","0.0010"
"25.0800","0.4168","0.0012"
"25.1000","0.4172","0.0011"
"25.1200","0.4175","0.0010"
"25.1400","0.4179","0.0014"
"25.1600","0.4182","0.0011"
"25.1800","0.4185","0.0008"
"25.2000","0.4189","0.0013"
"25.2200","0.4192","0.0011"
"25.2400","0.4195","0.0011"
"25.2600","0.4199","0.0015"
"25.2800","0.4202","0.0009"
"25.3000","0.4205","0.0015"
"25.3200","0.4208","0.0014"
"25.3400","0.4212","0.0009"
"25.3600","0.4215","0.0016"
"25.3800","0.4219","0.0011"
"25.4000","0.4222","0.0008"
"25.4200","0.4226","0.0015"
"25.4400","0.4229","0.0014"
"25.4600","0.4233","0.0010"
"25.4800","0.4236","0.0010"
"25.5000","0.4240","0.0014"
"25.5200","0.4243","0.0008"
"25.5400","0.4247","0.0010"
"25.5600","0.4250","0.0017"
"25.5800","0.4254","0.0010"
"25.6000","0.4257","0.0013"
"25.6200","0.4261","0.0017"
"25.6400","0.4264","0.0009"
"25.6600","0.4268","0.0012"
"25.6800","0.4271","0.0013"
"25.7000","0.4274","0.0008"
"25.7200","0.4278","0.0012"
"25.7400","0.4281","0.0011"
"25.7600","0.4284","0.0011"
"25.7800","0.4287","0.0014"
"25.8000","0.4291","0.0012"
"25.8200","0.4294","0.0012"
"25.8400","0.4298","0.0016"
"25.8600","0.4301","0.0009"
"25.8800","0.4305","0.0012"
"25.9000","0.4308","0.0011"
"25.9200","0.4311","0.0009"
"25.9400","0.4314","0.0013"
"25.9600","0.4317","0.0010"
"25.9800","0.4320","0.0010"
"26.0000","0.4324","0.0013"
"26.0200","0.4327","0.0015"
"26.0400","0.4330","0.0012"
"26.0600","0.4333","0.0016"
"26.0800","0.4336","0.0012"
"26.1000","0.4340","0.0013"
"26.1200","0.4343","0.0015"
"26.1400","0.4346","0.0010"
"26.1600","0.4350","0.0009"
"26.1800","0.4353","0.0017"
"26.2000","0.4356","0.0010"
"26.2200","0.4359","0.0009"
"26.2400","0.4362","0.0018"
"26.2600","0.4365","0.0010"
"26.2800","0.4369","0.0013"
"26.3000","0.4372","0.0017"
"26.3200","0.4375","0.0008"
"26.3400","0.4378","0.0014"
"26.3600","0.4382","0.0017"
"26.3800","0.4385","0.0008"
"26.4000","0.4388","0.0018"
"26.4200","0.4391","0.0016"
"26.4400","0.4394","0.0011"
"26.4600","0.4398","0.0019"
"26.4800","0.4402","0.0010"
"26.5000","0.4405","0.0014"
"26.5200","0.4409","0.0019"
"26.5400","0.4412","0.0013"
"26.5600","0.4415","0.0015"
"26.5800","0.4418","0.0017"
"26.6000","0.4422","0.0010"
"26.6200","0.4425","0.0012"
"26.6400","0.4428","0.0015"
"26.6600","0.4432","0.0010"
"26.6800","0.4435","0.0015"
"26.7000","0.4438","0.0014"
"26.7200","0.4442","0.0014"
"26.7400","0.4445","0.0015"
"26.7600","0.4448","0.0015"
"26.7800","0.4451","0.0015"
"26.8000","0.4454","0.0019"
"26.8200","0.4457","0.0013"
"26.8400","0.4461","0.0015"
"26.8600","0.4464","0.0016"
"26.8800","0.4468","0.0011"
"26.9000","0.4471","0.0015"
"26.9200","0.4475","0.0015"
"26.9400","0.4478","0.0015"
"26.9600","0.4482","0.0015"
"26.9800","0.4485","0.0016"
"27.0000","0.4489","0.0014"
"27.0200","0.4492","0.0015"
"27.0400","0.4495","0.0015"
"27.0600","0.4499","0.0014"
"27.0800","0.4502","0.0013"
"27.1000","0.4505","0.0014"
"27.1200","0.4509","0.0011"
"27.1400","0.4512","0.0015"
"27.1600","0.4515","0.0015"
"27.1800","0.4519","0.0013"
"27.2000","0.4522","0.0018"
"27.2200","0.4525","0.0012"
"27.2400","0.4529","0.0016"
"27.2600","0.4532","0.0018"
"27.2800","0.4535","0.0014"
"27.3000","0.4539","0.0015"
"27.3200","0.4542","0.0013"
"27.3400","0.4546","0.0015"
"27.3600","0.4549","0.0020"
"27.3800","0.4553","0.0016"
"27.4000","0.4556","0.0015"
"27.4200","0.4560","0.0019"
"27.4400","0.4564","0.0012"
"27.4600","0.4567","0.0012"
"27.4800","0.4571","0.0019"
"27.5000","0.4574","0.0014"
"27.5200","0.4577","0.0016"
"27.5400","0.4581","0.0016"
"27.5600","0.4584","0.0011"
"27.5800","0.4587","0.0015"
"27.6000","0.4590","0.0017"
"27.6200","0.4594","0.0014"
"27.6400","0.4597","0.0019"
"27.6600","0.4600","0.0014"
"27.6800","0.4603","0.0016"
"27.7000","0.4607","0.0017"
"27.7200","0.4610","0.0012"
"27.7400","0.4613","0.0018"
"27.7600","0.4617","0.0017"
"27.7800","0.4620","0.0015"
"27.8000","0.4623","0.0021"
"27.8200","0.4627","0.0014"
"27.8400","0.4630","0.0015"
"27.8600","0.4633","0.0016"
"27.8800","0.4637","0.0015"
"27.9000","0.4640","0.0020"
"27.9200","0.4644","0.0013"
"27.9400","0.4647","0.0011"
"27.9600","0.4650","0.0018"
"27.9800","0.4653","0.0011"
"28.0000","0.4657","0.0014"
"28.0200","0.4660","0.0022"
"28.0400","0.4663","0.0014"
"28.0600","0.4667","0.0020"
"28.0800","0.4670","0.0017"
"28.1000","0.4673","0.0012"
"28.1200","0.4677","0.0021"
"28.1400","0.4680","0.0013"
"28.1600","0.4683","0.0015"
"28.1800","0.4687","0.0024"
"28.2000","0.4690","0.0013"
"28.2200","0.4693","0.0015"
"28.2400","0.4697","0.0020"
"28.2600","0.4700","0.0010"
"28.2800","0.4703","0.0016"
"28.3000","0.4707","0.0016"
"28.3200","0.4710","0.0014"
"28.3400","0.4713","0.0019"
"28.3600","0.4716","0.0018"
"28.3800","0.4720","0.0015"
"28.4000","0.4723","0.0018"
"28.4200","0.4726","0.0014"
"28.4400","0.4730","0.0014"
"28.4600","0.4733","0.0019"
"28.4800","0.4737","0.0016"
"28.5000","0.4740","0.0017"
"28.5200","0.4743","0.0017"
"28.5400","0.4747","0.0016"
"28.5600","0.4750","0.0019"
"28.5800","0.4754","0.0019"
"28.6000","0.4757","0.0014"
"28.6200","0.4760","0.0017"
"28.6400","0.4764","0.0017"
"28.6600","0.4767","0.0014"
"28.6800","0.4770","0.0020"
"28.7000","0.4774","0.0016"
"28.7200","0.4777","0.0012"
"28.7400","0.4781","0.0016"
"28.7600","0.4784","0.0012"
"28.7800","0.4787","0.0014"
"28.8000","0.4790","0.0021"
"28.8200","0.4794","0.0018"
"28.8400","0.4797","0.0018"
"28.8600","0.4800","0.0020"
"28.8800","0.4804","0.0013"
"28.9000","0.4807","0.0014"
"28.9200","0.4810","0.0015"
"28.9400","0.4814","0.0015"
"28.9600","0.4817","0.0020"
"28.9800","0.4820","0.0021"
"29.0000","0.4823","0.0017"
"29.0200","0.4827","0.0022"
"29.0400","0.4830","0.0014"
"29.0600","0.4834","0.0012"
"29.0800","0.4837","0.0011"
"29.1000","0.4840","0.0015"
"29.1200","0.4844","0.0015"
"29.1400","0.4847","0.0017"
"29.1600","0.4850","0.0021"
"29.1800","0.4854","0.0016"
"29.2000","0.4857","0.0011"
"29.2200","0.4860","0.0017"
"29.2400","0.4863","0.0012"
"29.2600","0.4867","0.0016"
"29.2800","0.4870","0.0022"
"29.3000","0.4873","0.0015"
"29.3200","0.4876","0.0022"
"29.3400","0.4880","0.0022"
"29.3600","0.4883","0.0016"
"29.3800","0.4886","0.0019"
"29.4000","0.4890","0.0014"
"29.4200","0.4893","0.0011"
"29.4400","0.4896","0.0023"
"29.4600","0.4899","0.0015"
"29.4800","0.4902","0.0015"
"29.5000","0.4905","0.0025"
"29.5200","0.4908","0.0012"
"29.5400","0.4912","0.0021"
"29.5600","0.4915","0.0022"
"29.5800","0.4918","0.0011"
"29.6000","0.4921","0.0023"
"29.6200","0.4924","0.0018"
"29.6400","0.4928","0.0009"
"29.6600","0.4931","0.0025"
"29.6800","0.4934","0.0023"
"29.7000","0.4937","0.0015"
"29.7200","0.4941","0.0025"
"29.7400","0.4944","0.0016"
"29.7600","0.4947","0.0008"
"29.7800","0.4951","0.0017"
"29.8000","0.4954","0.0014"
"29.8200","0.4958","0.0018"
"29.8400","0.4961","0.0023"
"29.8600","0.4964","0.0023"
"29.8800","0.4968","0.0022"
"29.9000","0.4971","0.0019"
"29.9200","0.4975","0.0016"
"29.9400","0.4978","0.0018"
"29.9600","0.4982","0.0016"
"29.9800","0.4985","0.0015"
"30.0000","0.4988","0.0017"
"30.0200","0.4992","0.0019"
"30.0400","0.4995","0.0018"
"30.0600","0.4998","0.0016"
"30.0800","0.5001","0.0020"
"30.1000","0.5005","0.0016"
"30.1200","0.5008","0.0021"
"30.1400","0.5011","0.0021"
"30.1600","0.5014","0.0018"
"30.1800","0.5018","0.0017"
"30.2000","0.5022","0.0018"
"30.2200","0.5025","0.0017"
"30.2400","0.5029","0.0021"
"30.2600","0.5032","0.0021"
"30.2800","0.5036","0.0020"
"30.3000","0.5039","0.0022"
"30.3200","0.5043","0.0016"
"30.3400","0.5046","0.0014"
"30.3600","0.5050","0.0019"
"30.3800","0.5053","0.0016"
"30.4000","0.5056","0.0019"
"30.4200","0.5060","0.0022"
"30.4400","0.5063","0.0020"
"30.4600","0.5067","0.0021"
"30.4800","0.5070","0.0015"
"30.5000","0.5074","0.0017"
"30.5200","0.5077","0.0022"
"30.5400","0.5081","0.0022"
"30.5600","0.5084","0.0017"
"30.5800","0.5087","0.0013"
"30.6000","0.5091","0.0023"
"30.6200","0.5094","0.0016"
"30.6400","0.5097","0.0015"
"30.6600","0.5100","0.0024"
"30.6800","0.5104","0.0022"
"30.7000","0.5107","0.0014"
"30.7200","0.5110","0.0027"
"30.7400","0.5114","0.0019"
"30.7600","0.5117","0.0004"
"30.7800","0.5120","0.0026"
"30.8000","0.5124","0.0023"
"30.8200","0.5127","0.0007"
"30.8400","0.5130","0.0036"
"30.8600","0.5134","0.0020"
"30.8800","0.5137","0.0009"
"30.9000","0.5140","0.0035"
"30.9200","0.5144","0.0009"
"30.9400","0.5147","0.0010"
"30.9600","0.5150","0.0028"
"30.9800","0.5153","0.0009"
"31.0000","0.5157","0.0018"
"31.0200","0.5160","0.0028"
"31.0400","0.5163","0.0012"
"31.0600","0.5166","0.0025"
"31.0800","0.5170","0.0031"
"31.1000","0.5173","0.0013"
"31.1200","0.5176","0.0026"
"31.1400","0.5180","0.0025"
"31.1600","0.5183","0.0012"
"31.1800","0.5186","0.0021"
"31.2000","0.5190","0.0021"
"31.2200","0.5193","0.0013"
"31.2400","0.5196","0.0025"
"31.2600","0.5199","0.0021"
"31.2800","0.5203","0.0017"
"31.3000","0.5206","0.0026"
"31.3200","0.5209","0.0018"
"31.3400","0.5212","0.0020"
"31.3600","0.5215","0.0025"
"31.3800","0.5219","0.0017"
"31.4000","0.5222","0.0025"
"31.4200","0.5225","0.0024"
"31.4400","0.5229","0.0015"
"31.4600","0.5232","0.0027"
"31.4800","0.5235","0.0023"
"31.5000","0.5239","0.0020"
"31.5200","0.5242","0.0030"
"31.5400","0.5245","0.0017"
"31.5600","0.5249","0.0019"
"31.5800","0.5252","0.0021"
"31.6000","0.5255","0.0018"
"31.6200","0.5259","0.0020"
"31.6400","0.5262","0.0024"
"31.6600","0.5266","0.0026"
"31.6800","0.5269","0.0025"
"31.7000","0.5272","0.0026"
"31.7200","0.5276","0.0023"
"31.7400","0.5279","0.0019"
"31.7600","0.5282","0.0018"
"31.7800","0.5285","0.0021"
"31.8000","0.5289","0.0020"
"31.8200","0.5292","0.0024"
"31.8400","0.5295","0.0021"
"31.8600","0.5299","0.0021"
"31.8800","0.5302","0.0022"
"31.9000","0.5306","0.0021"
"31.9200","0.5309","0.0021"
"31.9400","0.5313","0.0029"
"31.9600","0.5316","0.0022"
"31.9800","0.5320","0.0020"
"32.0000","0.5324","0.0026"
"32.0200","0.5327","0.0022"
"32.0400","0.5331","0.0021"
"32.0600","0.5334","0.0029"
"32.0800","0.5337","0.0021"
"32.1000","0.5341","0.0021"
"32.1200","0.5344","0.0031"
"32.1400","0.5347","0.0023"
"32.1600","0.5350","0.0022"
"32.1800","0.5354","0.0023"
"32.2000","0.5357","0.0019"
"32.2200","0.5361","0.0021"
"32.2400","0.5364","0.0024"
"32.2600","0.5367","0.0022"
"32.2800","0.5371","0.0026"
"32.3000","0.5374","0.0025"
"32.3200","0.5377","0.0024"
"32.3400","0.5381","0.0026"
"32.3600","0.5384","0.0024"
"32.3800","0.5387","0.0023"
"32.4000","0.5391","0.0026"
"32.4200","0.5394","0.0022"
"32.4400","0.5397","0.0017"
"32.4600","0.5401","0.0026"
"32.4800","0.5404","0.0025"
"32.5000","0.5407","0.0021"
"32.5200","0.5410","0.0028"
"32.5400","0.5414","0.0023"
"32.5600","0.5417","0.0024"
"32.5800","0.5420","0.0024"
"32.6000","0.5423","0.0022"
"32.6200","0.5427","0.0021"
"32.6400","0.5430","0.0026"
"32.6600","0.5433","0.0023"
"32.6800","0.5437","0.0025"
"32.7000","0.5440","0.0025"
"32.7200","0.5443","0.0024"
"32.7400","0.5446","0.0021"
"32.7600","0.5449","0.0022"
"32.7800","0.5452","0.0024"
"32.8000","0.5456","0.0024"
"32.8200","0.5459","0.0027"
"32.8400","0.5462","0.0025"
"32.8600","0.5465","0.0023"
"32.8800","0.5468","0.0023"
"32.9000","0.5471","0.0025"
"32.9200","0.5475","0.0024"
"32.9400","0.5478","0.0018"
"32.9600","0.5481","0.0027"
"32.9800","0.5485","0.0026"
"33.0000","0.5488","0.0021"
"33.0200","0.5491","0.0030"
"33.0400","0.5495","0.0026"
"33.0600","0.5498","0.0018"
"33.0800","0.5501","0.0025"
"33.1000","0.5505","0.0021"
"33.1200","0.5508","0.0025"
"33.1400","0.5511","0.0028"
"33.1600","0.5515","0.0025"
"33.1800","0.5518","0.0027"
"33.2000","0.5522","0.0026"
"33.2200","0.5525","0.0025"
"33.2400","0.5528","0.0024"
"33.2600","0.5532","0.0027"
"33.2800","0.5535","0.0026"
"33.3000","0.5538","0.0026"
"33.3200","0.5542","0.0026"
"33.3400","0.5545","0.0023"
"33.3600","0.5548","0.0023"
"33.3800","0.5551","0.0026"
"33.4000","0.5554","0.0025"
"33.4200","0.5558","0.0027"
"33.4400","0.5561","0.0028"
"33.4600","0.5565","0.0024"
"33.4800","0.5568","0.0027"
"33.5000","0.5572","0.0024"
"33.5200","0.5576","0.0022"
"33.5400","0.5579","0.0028"
"33.5600","0.5583","0.0026"
"33.5800","0.5586","0.0026"
"33.6000","0.5590","0.0030"
"33.6200","0.5593","0.0028"
"33.6400","0.5597","0.0028"
"33.6600","0.5600","0.0029"
"33.6800","0.5604","0.0023"
"33.7000","0.5607","0.0028"
"33.7200","0.5610","0.0027"
"33.7400","0.5614","0.0022"
"33.7600","0.5617","0.0025"
"33.7800","0.5620","0.0028"
"33.8000","0.5624","0.0027"
"33.8200","0.5627","0.0027"
"33.8400","0.5630","0.0029"
"33.8600","0.5634","0.0026"
"33.8800","0.5637","0.0024"
"33.9000","0.5641","0.0026"
"33.9200","0.5644","0.0026"
"33.9400","0.5647","0.0022"
"33.9600","0.5651","0.0027"
"33.9800","0.5654","0.0021"
"34.0000","0.5658","0.0023"
"34.0200","0.5661","0.0028"
"34.0400","0.5664","0.0030"
"34.0600","0.5667","0.0032"
"34.0800","0.5671","0.0027"
"34.1000","0.5674","0.0032"
"34.1200","0.5677","0.0027"
"34.1400","0.5681","0.0021"
"34.1600","0.5684","0.0028"
"34.1800","0.5687","0.0025"
"34.2000","0.5690","0.0022"
"34.2200","0.5694","0.0031"
"34.2400","0.5697","0.0027"
"34.2600","0.5700","0.0027"
"34.2800","0.5703","0.0030"
"34.3000","0.5707","0.0022"
"34.3200","0.5710","0.0027"
"34.3400","0.5713","0.0029"
"34.3600","0.5717","0.0022"
"34.3800","0.5720","0.0031"
"34.4000","0.5723","0.0034"
"34.4200","0.5727","0.0024"
"34.4400","0.5730","0.0033"
"34.4600","0.5734","0.0032"
"34.4800","0.5737","0.0025"
"34.5000","0.5740","0.0032"
"34.5200","0.5743","0.0028"
"34.5400","0.5747","0.0027"
"34.5600","0.5750","0.0033"
"34.5800","0.5753","0.0028"
"34.6000","0.5756","0.0029"
"34.6200","0.5759","0.0031"
"34.6400","0.5762","0.0024"
"34.6600","0.5765","0.0032"
"34.6800","0.5769","0.0034"
"34.7000","0.5772","0.0028"
"34.7200","0.5775","0.0032"
"34.7400","0.5778","0.0030"
"34.7600","0.5781","0.0025"
"34.7800","0.5785","0.0028"
"34.8000","0.5788","0.0028"
"34.8200","0.5791","0.0029"
"34.8400","0.5795","0.0032"
"34.8600","0.5798","0.0032"
"34.8800","0.5802","0.0031"
"34.9000","0.5805","0.0028"
"34.9200","0.5809","0.0029"
"34.9400","0.5812","0.0031"
"34.9600","0.5815","0.0033"
"34.9800","0.5819","0.0027"
"35.0000","0.5822","0.0036"
"35.0200","0.5825","0.0035"
"35.0400","0.5828","0.0025"
"35.0600","0.5832","0.0033"
"35.0800","0.5835","0.0032"
"35.1000","0.5838","0.0028"
"35.1200","0.5842","0.0036"
"35.1400","0.5845","0.0032"
"35.1600","0.5849","0.0031"
"35.1800","0.5852","0.0031"
"35.2000","0.5855","0.0027"
"35.2200","0.5859","0.0031"
"35.2400","0.5862","0.0031"
"35.2600","0.5866","0.0030"
"35.2800","0.5869","0.0038"
"35.3000","0.5873","0.0037"
"35.3200","0.5876","0.0030"
"35.3400","0.5880","0.0034"
"35.3600","0.5883","0.0033"
"35.3800","0.5887","0.0029"
"35.4000","0.5890","0.0035"
"35.4200","0.5894","0.0038"
"35.4400","0.5897","0.0031"
"35.4600","0.5901","0.0035"
"35.4800","0.5904","0.0035"
"35.5000","0.5907","0.0033"
"35.5200","0.5911","0.0035"
"35.5400","0.5914","0.0027"
"35.5600","0.5918","0.0037"
"35.5800","0.5921","0.0036"
"35.6000","0.5924","0.0027"
"35.6200","0.5928","0.0037"
"35.6400","0.5931","0.0035"
"35.6600","0.5934","0.0028"
"35.6800","0.5937","0.0042"
"35.7000","0.5941","0.0033"
"35.7200","0.5944","0.0031"
"35.7400","0.5947","0.0039"
"35.7600","0.5950","0.0032"
"35.7800","0.5954","0.0032"
"35.8000","0.5957","0.0037"
"35.8200","0.5960","0.0034"
"35.8400","0.5963","0.0035"
"35.8600","0.5967","0.0039"
"35.8800","0.5970","0.0034"
"35.9000","0.5973","0.0037"
"35.9200","0.5977","0.0037"
"35.9400","0.5980","0.0031"
"35.9600","0.5983","0.0038"
"35.9800","0.5987","0.0036"
"36.0000","0.5990","0.0031"
"36.0200","0.5993","0.0042"
"36.0400","0.5996","0.0037"
"36.0600","0.6000","0.0030"
"36.0800","0.6003","0.0040"
"36.1000","0.6006","0.0035"
"36.1200","0.6010","0.0036"
"36.1400","0.6013","0.0039"
"36.1600","0.6016","0.0039"
"36.1800","0.6019","0.0039"
"36.2000","0.6022","0.0040"
"36.2200","0.6026","0.0038"
"36.2400","0.6029","0.0041"
"36.2600","0.6032","0.0039"
"36.2800","0.6035","0.0036"
"36.3000","0.6038","0.0045"
"36.3200","0.6042","0.0036"
"36.3400","0.6045","0.0037"
"36.3600","0.6048","0.0042"
"36.3800","0.6052","0.0039"
"36.4000","0.6055","0.0038"
"36.4200","0.6059","0.0041"
"36.4400","0.6062","0.0038"
"36.4600","0.6065","0.0041"
"36.4800","0.6069","0.0042"
"36.5000","0.6072","0.0041"
"36.5200","0.6075","0.0044"
"36.5400","0.6079","0.0039"
"36.5600","0.6082","0.0040"
"36.5800","0.6085","0.0045"
"36.6000","0.6089","0.0036"
"36.6200","0.6092","0.0044"
"36.6400","0.6095","0.0046"
"36.6600","0.6098","0.0047"
"36.6800","0.6101","0.0050"
"36.7000","0.6105","0.0043"
"36.7200","0.6108","0.0044"
"36.7400","0.6112","0.0041"
"36.7600","0.6115","0.0035"
"36.7800","0.6119","0.0046"
"36.8000","0.6122","0.0044"
"36.8200","0.6126","0.0042"
"36.8400","0.6129","0.0054"
"36.8600","0.6132","0.0043"
"36.8800","0.6136","0.0041"
"36.9000","0.6139","0.0049"
"36.9200","0.6142","0.0045"
"36.9400","0.6146","0.0044"
"36.9600","0.6149","0.0051"
"36.9800","0.6152","0.0047"
"37.0000","0.6156","0.0050"
"37.0200","0.6159","0.0048"
"37.0400","0.6162","0.0047"
"37.0600","0.6166","0.0048"
"37.0800","0.6169","0.0049"
"37.1000","0.6173","0.0048"
"37.1200","0.6176","0.0054"
"37.1400","0.6180","0.0051"
"37.1600","0.6183","0.0054"
"37.1800","0.6187","0.0055"
"37.2000","0.6190","0.0045"
"37.2200","0.6194","0.0054"
"37.2400","0.6197","0.0051"
"37.2600","0.6200","0.0047"
"37.2800","0.6204","0.0057"
"37.3000","0.6207","0.0055"
"37.3200","0.6210","0.0054"
"37.3400","0.6213","0.0063"
"37.3600","0.6217","0.0052"
"37.3800","0.6220","0.0052"
"37.4000","0.6224","0.0062"
"37.4200","0.6227","0.0054"
"37.4400","0.6230","0.0058"
"37.4600","0.6233","0.0066"
"37.4800","0.6237","0.0055"
"37.5000","0.6240","0.0058"
"37.5200","0.6243","0.0065"
"37.5400","0.6246","0.0057"
"37.5600","0.6249","0.0064"
"37.5800","0.6253","0.0063"
"37.6000","0.6256","0.0061"
"37.6200","0.6259","0.0063"
"37.6400","0.6263","0.0060"
"37.6600","0.6266","0.0063"
"37.6800","0.6269","0.0066"
"37.7000","0.6272","0.0066"
"37.7200","0.6275","0.0065"
"37.7400","0.6278","0.0066"
"37.7600","0.6282","0.0067"
"37.7800","0.6285","0.0061"
"37.8000","0.6288","0.0064"
"37.8200","0.6292","0.0071"
"37.8400","0.6295","0.0064"
"37.8600","0.6299","0.0071"
"37.8800","0.6302","0.0074"
"37.9000","0.6306","0.0064"
"37.9200","0.6309","0.0074"
"37.9400","0.6312","0.0075"
"37.9600","0.6316","0.0067"
"37.9800","0.6319","0.0078"
"38.0000","0.6322","0.0073"
"38.0200","0.6325","0.0071"
"38.0400","0.6329","0.0078"
"38.0600","0.6332","0.0074"
"38.0800","0.6335","0.0074"
"38.1000","0.6339","0.0081"
"38.1200","0.6342","0.0069"
"38.1400","0.6345","0.0075"
"38.1600","0.6349","0.0082"
"38.1800","0.6352","0.0073"
"38.2000","0.6356","0.0079"
"38.2200","0.6359","0.0081"
"38.2400","0.6362","0.0078"
"38.2600","0.6366","0.0085"
"38.2800","0.6369","0.0081"
"38.3000","0.6372","0.0078"
"38.3200","0.6376","0.0088"
"38.3400","0.6379","0.0080"
"38.3600","0.6382","0.0085"
"38.3800","0.6386","0.0088"
"38.4000","0.6389","0.0083"
"38.4200","0.6392","0.0086"
"38.4400","0.6396","0.0089"
"38.4600","0.6400","0.0083"
"38.4800","0.6403","0.0089"
"38.5000","0.6407","0.0089"
"38.5200","0.6410","0.0087"
"38.5400","0.6414","0.0091"
"38.5600","0.6417","0.0089"
"38.5800","0.6421","0.0088"
"38.6000","0.6424","0.0095"
"38.6200","0.6427","0.0093"
"38.6400","0.6431","0.0094"
"38.6600","0.6434","0.0095"
"38.6800","0.6437","0.0091"
"38.7000","0.6440","0.0097"
"38.7200","0.6443","0.0098"
"38.7400","0.6447","0.0092"
"38.7600","0.6450","0.0101"
"38.7800","0.6453","0.0100"
"38.8000","0.6457","0.0093"
"38.8200","0.6460","0.0098"
"38.8400","0.6464","0.0104"
"38.8600","0.6467","0.0099"
"38.8800","0.6470","0.0102"
"38.9000","0.6474","0.0099"
"38.9200","0.6477","0.0101"
"38.9400","0.6481","0.0102"
"38.9600","0.6484","0.0099"
"38.9800","0.6487","0.0102"
"39.0000","0.6490","0.0108"
"39.0200","0.6493","0.0106"
"39.0400","0.6496","0.0104"
"39.0600","0.6499","0.0108"
"39.0800","0.6502","0.0104"
"39.1000","0.6506","0.0106"
"39.1200","0.6509","0.0108"
"39.1400","0.6512","0.0106"
"39.1600","0.6515","0.0112"
"39.1800","0.6518","0.0118"
"39.2000","0.6522","0.0111"
"39.2200","0.6525","0.0114"
"39.2400","0.6528","0.0112"
"39.2600","0.6531","0.0107"
"39.2800","0.6535","0.0112"
"39.3000","0.6538","0.0113"
"39.3200","0.6541","0.0114"
"39.3400","0.6545","0.0117"
"39.3600","0.6548","0.0117"
"39.3800","0.6551","0.0114"
"39.4000","0.6555","0.0119"
"39.4200","0.6558","0.0112"
"39.4400","0.6561","0.0117"
"39.4600","0.6565","0.0122"
"39.4800","0.6568","0.0119"
"39.5000","0.6571","0.0125"
"39.5200","0.6575","0.0125"
"39.5400","0.6578","0.0120"
"39.5600","0.6581","0.0127"
"39.5800","0.6585","0.0123"
"39.6000","0.6588","0.0123"
"39.6200","0.6592","0.0138"
"39.6400","0.6595","0.0124"
"39.6600","0.6599","0.0125"
"39.6800","0.6602","0.0135"
"39.7000","0.6605","0.0123"
"39.7200","0.6608","0.0131"
"39.7400","0.6612","0.0137"
"39.7600","0.6615","0.0123"
"39.7800","0.6619","0.0134"
"39.8000","0.6622","0.0132"
"39.8200","0.6625","0.0126"
"39.8400","0.6629","0.0144"
"39.8600","0.6632","0.0134"
"39.8800","0.6635","0.0134"
"39.9000","0.6639","0.0143"
"39.9200","0.6642","0.0135"
"39.9400","0.6645","0.0135"
"39.9600","0.6648","0.0140"
"39.9800","0.6652","0.0129"
"40.0000","0.6655","0.0141"
"40.0200","0.6658","0.0146"
"40.0400","0.6662","0.0140"
"40.0600","0.6665","0.0152"
"40.0800","0.6669","0.0143"
"40.1000","0.6673","0.0140"
"40.1200","0.6676","0.0148"
"40.1400","0.6680","0.0142"
"40.1600","0.6683","0.0152"
"40.1800","0.6687","0.0151"
"40.2000","0.6690","0.0147"
"40.2200","0.6694","0.0154"
"40.2400","0.6697","0.0149"
"40.2600","0.6701","0.0150"
"40.2800","0.6704","0.0157"
"40.3000","0.6707","0.0146"
"40.3200","0.6711","0.0154"
"40.3400","0.6714","0.0159"
"40.3600","0.6717","0.0151"
"40.3800","0.6720","0.0157"
"40.4000","0.6724","0.0159"
"40.4200","0.6727","0.0154"
"40.4400","0.6730","0.0155"
"40.4600","0.6734","0.0164"
"40.4800","0.6737","0.0158"
"40.5000","0.6740","0.0164"
"40.5200","0.6744","0.0164"
"40.5400","0.6747","0.0163"
"40.5600","0.6751","0.0166"
"40.5800","0.6754","0.0166"
"40.6000","0.6757","0.0164"
"40.6200","0.6761","0.0167"
"40.6400","0.6764","0.0153"
"40.6600","0.6767","0.0174"
"40.6800","0.6770","0.0175"
"40.7000","0.6774","0.0160"
"40.7200","0.6777","0.0182"
"40.7400","0.6780","0.0172"
"40.7600","0.6783","0.0164"
"40.7800","0.6787","0.0177"
"40.8000","0.6790","0.0166"
"40.8200","0.6793","0.0170"
"40.8400","0.6797","0.0183"
"40.8600","0.6800","0.0171"
"40.8800","0.6803","0.0182"
"40.9000","0.6806","0.0182"
"40.9200","0.6809","0.0172"
"40.9400","0.6812","0.0179"
"40.9600","0.6816","0.0182"
"40.9800","0.6819","0.0182"
"41.0000","0.6822","0.0177"
"41.0200","0.6825","0.0190"
"41.0400","0.6828","0.0182"
"41.0600","0.6831","0.0181"
"41.0800","0.6835","0.0189"
"41.1000","0.6838","0.0183"
"41.1200","0.6841","0.0182"
"41.1400","0.6845","0.0195"
"41.1600","0.6848","0.0185"
"41.1800","0.6852","0.0187"
"41.2000","0.6855","0.0197"
"41.2200","0.6858","0.0184"
"41.2400","0.6861","0.0194"
"41.2600","0.6865","0.0197"
"41.2800","0.6868","0.0191"
"41.3000","0.6871","0.0200"
"41.3200","0.6875","0.0202"
"41.3400","0.6878","0.0187"
"41.3600","0.6881","0.0205"
"41.3800","0.6885","0.0182"
"41.4000","0.6888","0.0207"
"41.4200","0.6892","0.0224"
"41.4400","0.6895","0.0197"
"41.4600","0.6899","0.0209"
"41.4800","0.6902","0.0209"
"41.5000","0.6905","0.0182"
"41.5200","0.6909","0.0206"
"41.5400","0.6912","0.0203"
"41.5600","0.6915","0.0199"
"41.5800","0.6918","0.0223"
"41.6000","0.6922","0.0208"
"41.6200","0.6925","0.0209"
"41.6400","0.6929","0.0219"
"41.6600","0.6932","0.0205"
"41.6800","0.6936","0.0210"
"41.7000","0.6939","0.0220"
"41.7200","0.6943","0.0215"
"41.7400","0.6946","0.0222"
"41.7600","0.6950","0.0227"
"41.7800","0.6954","0.0217"
"41.8000","0.6957","0.0216"
"41.8200","0.6960","0.0221"
"41.8400","0.6964","0.0217"
"41.8600","0.6967","0.0221"
"41.8800","0.6970","0.0230"
"41.9000","0.6974","0.0223"
"41.9200","0.6977","0.0229"
"41.9400","0.6980","0.0227"
"41.9600","0.6984","0.0223"
"41.9800","0.6987","0.0230"
"42.0000","0.6990","0.0226"
"42.0200","0.6994","0.0227"
"42.0400","0.6997","0.0231"
"42.0600","0.7000","0.0232"
"42.0800","0.7004","0.0231"
"42.1000","0.7007","0.0238"
"42.1200","0.7010","0.0237"
"42.1400","0.7014","0.0234"
"42.1600","0.7017","0.0240"
"42.1800","0.7021","0.0238"
"42.2000","0.7024","0.0239"
"42.2200","0.7028","0.0242"
"42.2400","0.7031","0.0241"
"42.2600","0.7034","0.0243"
"42.2800","0.7038","0.0250"
"42.3000","0.7041","0.0239"
"42.3200","0.7044","0.0244"
"42.3400","0.7047","0.0249"
"42.3600","0.7050","0.0237"
"42.3800","0.7053","0.0250"
"42.4000","0.7057","0.0252"
"42.4200","0.7060","0.0247"
"42.4400","0.7063","0.0256"
"42.4600","0.7067","0.0253"
"42.4800","0.7070","0.0251"
"42.5000","0.7074","0.0261"
"42.5200","0.7077","0.0253"
"42.5400","0.7080","0.0252"
"42.5600","0.7083","0.0261"
"42.5800","0.7087","0.0259"
"42.6000","0.7090","0.0258"
"42.6200","0.7093","0.0265"
"42.6400","0.7096","0.0261"
"42.6600","0.7099","0.0266"
"42.6800","0.7102","0.0268"
"42.7000","0.7106","0.0261"
"42.7200","0.7109","0.0269"
"42.7400","0.7112","0.0270"
"42.7600","0.7115","0.0265"
"42.7800","0.7118","0.0269"
"42.8000","0.7121","0.0271"
"42.8200","0.7125","0.0267"
"42.8400","0.7128","0.0272"
"42.8600","0.7131","0.0280"
"42.8800","0.7135","0.0275"
"42.9000","0.7138","0.0277"
"42.9200","0.7141","0.0278"
"42.9400","0.7145","0.0275"
"42.9600","0.7148","0.0276"
"42.9800","0.7151","0.0279"
"43.0000","0.7155","0.0285"
"43.0200","0.7158","0.0285"
"43.0400","0.7162","0.0288"
"43.0600","0.7165","0.0289"
"43.0800","0.7168","0.0286"
"43.1000","0.7172","0.0283"
"43.1200","0.7175","0.0293"
"43.1400","0.7178","0.0287"
"43.1600","0.7182","0.0293"
"43.1800","0.7185","0.0299"
"43.2000","0.7188","0.0290"
"43.2200","0.7192","0.0295"
"43.2400","0.7195","0.0295"
"43.2600","0.7198","0.0289"
"43.2800","0.7201","0.0298"
"43.3000","0.7205","0.0300"
"43.3200","0.7208","0.0300"
"43.3400","0.7212","0.0309"
"43.3600","0.7215","0.0300"
"43.3800","0.7219","0.0299"
"43.4000","0.7222","0.0307"
"43.4200","0.7226","0.0304"
"43.4400","0.7229","0.0307"
"43.4600","0.7232","0.0313"
"43.4800","0.7236","0.0309"
"43.5000","0.7239","0.0316"
"43.5200","0.7243","0.0312"
"43.5400","0.7246","0.0312"
"43.5600","0.7249","0.0317"
"43.5800","0.7253","0.0310"
"43.6000","0.7256","0.0320"
"43.6200","0.7260","0.0317"
"43.6400","0.7263","0.0319"
"43.6600","0.7267","0.0323"
"43.6800","0.7270","0.0319"
"43.7000","0.7274","0.0323"
"43.7200","0.7277","0.0331"
"43.7400","0.7281","0.0323"
"43.7600","0.7284","0.0328"
"43.7800","0.7288","0.0328"
"43.8000","0.7291","0.0323"
"43.8200","0.7294","0.0329"
"43.8400","0.7297","0.0328"
"43.8600","0.7301","0.0327"
"43.8800","0.7304","0.0334"
"43.9000","0.7307","0.0332"
"43.9200","0.7310","0.0330"
"43.9400","0.7313","0.0333"
"43.9600","0.7317","0.0328"
"43.9800","0.7320","0.0332"
"44.0000","0.7323","0.0334"
"44.0200","0.7327","0.0332"
"44.0400","0.7330","0.0333"
"44.0600","0.7333","0.0340"
"44.0800","0.7337","0.0332"
"44.1000","0.7340","0.0339"
"44.1200","0.7343","0.0337"
"44.1400","0.7346","0.0329"
"44.1600","0.7350","0.0339"
"44.1800","0.7353","0.0338"
"44.2000","0.7356","0.0335"
"44.2200","0.7359","0.0343"
"44.2400","0.7363","0.0341"
"44.2600","0.7366","0.0343"
"44.2800","0.7369","0.0347"
"44.3000","0.7373","0.0341"
"44.3200","0.7376","0.0349"
"44.3400","0.7379","0.0345"
"44.3600","0.7383","0.0343"
"44.3800","0.7386","0.0353"
"44.4000","0.7390","0.0346"
"44.4200","0.7393","0.0351"
"44.4400","0.7396","0.0354"
"44.4600","0.7399","0.0348"
"44.4800","0.7402","0.0351"
"44.5000","0.7405","0.0354"
"44.5200","0.7409","0.0352"
"44.5400","0.7412","0.0358"
"44.5600","0.7415","0.0358"
"44.5800","0.7418","0.0359"
"44.6000","0.7422","0.0359"
"44.6200","0.7425","0.0358"
"44.6400","0.7428","0.0359"
"44.6600","0.7432","0.0364"
"44.6800","0.7435","0.0362"
"44.7000","0.7439","0.0366"
"44.7200","0.7442","0.0366"
"44.7400","0.7445","0.0369"
"44.7600","0.7449","0.0367"
"44.7800","0.7452","0.0363"
"44.8000","0.7455","0.0365"
"44.8200","0.7458","0.0366"
"44.8400","0.7462","0.0366"
"44.8600","0.7465","0.0369"
"44.8800","0.7469","0.0370"
"44.9000","0.7472","0.0372"
"44.9200","0.7476","0.0373"
"44.9400","0.7479","0.0371"
"44.9600","0.7482","0.0373"
"44.9800","0.7486","0.0369"
"45.0000","0.7489","0.0372"
"45.0200","0.7493","0.0375"
"45.0400","0.7496","0.0376"
"45.0600","0.7499","0.0380"
"45.0800","0.7503","0.0388"
"45.1000","0.7507","0.0380"
"45.1200","0.7510","0.0382"
"45.1400","0.7514","0.0380"
"45.1600","0.7517","0.0372"
"45.1800","0.7520","0.0382"
"45.2000","0.7524","0.0386"
"45.2200","0.7527","0.0384"
"45.2400","0.7530","0.0392"
"45.2600","0.7533","0.0388"
"45.2800","0.7537","0.0388"
"45.3000","0.7540","0.0390"
"45.3200","0.7544","0.0384"
"45.3400","0.7547","0.0390"
"45.3600","0.7550","0.0393"
"45.3800","0.7554","0.0387"
"45.4000","0.7557","0.0393"
"45.4200","0.7560","0.0395"
"45.4400","0.7564","0.0389"
"45.4600","0.7567","0.0396"
"45.4800","0.7571","0.0403"
"45.5000","0.7574","0.0399"
"45.5200","0.7577","0.0403"
"45.5400","0.7581","0.0403"
"45.5600","0.7584","0.0400"
"45.5800","0.7587","0.0400"
"45.6000","0.7590","0.0401"
"45.6200","0.7593","0.0405"
"45.6400","0.7597","0.0408"
"45.6600","0.7600","0.0412"
"45.6800","0.7603","0.0408"
"45.7000","0.7607","0.0411"
"45.7200","0.7610","0.0413"
"45.7400","0.7614","0.0414"
"45.7600","0.7617","0.0415"
"45.7800","0.7620","0.0418"
"45.8000","0.7623","0.0409"
"45.8200","0.7627","0.0413"
"45.8400","0.7630","0.0414"
"45.8600","0.7633","0.0414"
"45.8800","0.7637","0.0423"
"45.9000","0.7640","0.0425"
"45.9200","0.7643","0.0427"
"45.9400","0.7647","0.0426"
"45.9600","0.7650","0.0427"
"45.9800","0.7653","0.0425"
"46.0000","0.7656","0.0425"
"46.0200","0.7660","0.0426"
"46.0400","0.7663","0.0429"
"46.0600","0.7666","0.0430"
"46.0800","0.7670","0.0435"
"46.1000","0.7673","0.0433"
"46.1200","0.7676","0.0431"
"46.1400","0.7679","0.0438"
"46.1600","0.7683","0.0435"
"46.1800","0.7686","0.0434"
"46.2000","0.7689","0.0440"
"46.2200","0.7693","0.0437"
"46.2400","0.7696","0.0438"
"46.2600","0.7699","0.0443"
"46.2800","0.7703","0.0441"
"46.3000","0.7706","0.0452"
"46.3200","0.7709","0.0426"
"46.3400","0.7713","0.0436"
"46.3600","0.7716","0.0468"
"46.3800","0.7719","0.0437"
"46.4000","0.7723","0.0455"
"46.4200","0.7726","0.0467"
"46.4400","0.7729","0.0437"
"46.4600","0.7732","0.0455"
"46.4800","0.7735","0.0455"
"46.5000","0.7739","0.0433"
"46.5200","0.7742","0.0463"
"46.5400","0.7745","0.0453"
"46.5600","0.7748","0.0443"
"46.5800","0.7752","0.0466"
"46.6000","0.7755","0.0451"
"46.6200","0.7759","0.0445"
"46.6400","0.7762","0.0458"
"46.6600","0.7766","0.0441"
"46.6800","0.7769","0.0438"
"46.7000","0.7773","0.0448"
"46.7200","0.7776","0.0438"
"46.7400","0.7779","0.0446"
"46.7600","0.7783","0.0445"
"46.7800","0.7786","0.0437"
"46.8000","0.7790","0.0436"
"46.8200","0.7793","0.0433"
"46.8400","0.7797","0.0428"
"46.8600","0.7800","0.0429"
"46.8800","0.7803","0.0430"
"46.9000","0.7807","0.0429"
"46.9200","0.7810","0.0430"
"46.9400","0.7813","0.0430"
"46.9600","0.7817","0.0428"
"46.9800","0.7820","0.0428"
"47.0000","0.7823","0.0425"
"47.0200","0.7827","0.0423"
"47.0400","0.7830","0.0425"
"47.0600","0.7833","0.0421"
"47.0800","0.7837","0.0427"
"47.1000","0.7840","0.0426"
"47.1200","0.7844","0.0423"
"47.1400","0.7847","0.0426"
"47.1600","0.7850","0.0422"
"47.1800","0.7853","0.0425"
"47.2000","0.7857","0.0432"
"47.2200","0.7860","0.0425"
"47.2400","0.7864","0.0433"
"47.2600","0.7867","0.0439"
"47.2800","0.7870","0.0430"
"47.3000","0.7873","0.0441"
"47.3200","0.7877","0.0443"
"47.3400","0.7880","0.0437"
"47.3600","0.7883","0.0451"
"47.3800","0.7886","0.0448"
"47.4000","0.7890","0.0444"
"47.4200","0.7893","0.0460"
"47.4400","0.7896","0.0448"
"47.4600","0.7899","0.0452"
"47.4800","0.7903","0.0463"
"47.5000","0.7906","0.0448"
"47.5200","0.7909","0.0457"
"47.5400","0.7912","0.0461"
"47.5600","0.7915","0.0451"
"47.5800","0.7918","0.0463"
"47.6000","0.7922","0.0466"
"47.6200","0.7925","0.0455"
"47.6400","0.7928","0.0463"
"47.6600","0.7932","0.0464"
"47.6800","0.7935","0.0458"
"47.7000","0.7939","0.0464"
"47.7200","0.7942","0.0467"
"47.7400","0.7945","0.0464"
"47.7600","0.7949","0.0472"
"47.7800","0.7952","0.0468"
"47.8000","0.7955","0.0463"
"47.8200","0.7959","0.0470"
"47.8400","0.7962","0.0464"
"47.8600","0.7965","0.0463"
"47.8800","0.7969","0.0471"
"47.9000","0.7972","0.0467"
"47.9200","0.7975","0.0471"
"47.9400","0.7979","0.0475"
"47.9600","0.7982","0.0470"
"47.9800","0.7985","0.0472"
"48.0000","0.7989","0.0474"
"48.0200","0.7992","0.0473"
"48.0400","0.7996","0.0479"
"48.0600","0.7999","0.0481"
"48.0800","0.8002","0.0480"
"48.1000","0.8006","0.0480"
"48.1200","0.8009","0.0480"
"48.1400","0.8012","0.0482"
"48.1600","0.8015","0.0487"
"48.1800","0.8019","0.0489"
"48.2000","0.8022","0.0490"
"48.2200","0.8026","0.0491"
"48.2400","0.8029","0.0494"
"48.2600","0.8033","0.0494"
"48.2800","0.8036","0.0494"
"48.3000","0.8040","0.0497"
"48.3200","0.8044","0.0494"
"48.3400","0.8047","0.0500"
"48.3600","0.8051","0.0503"
"48.3800","0.8054","0.0502"
"48.4000","0.8058","0.0506"
"48.4200","0.8061","0.0507"
"48.4400","0.8065","0.0505"
"48.4600","0.8068","0.0510"
"48.4800","0.8071","0.0511"
"48.5000","0.8075","0.0509"
"48.5200","0.8078","0.0512"
"48.5400","0.8081","0.0511"
"48.5600","0.8085","0.0511"
"48.5800","0.8088","0.0517"
"48.6000","0.8091","0.0514"
"48.6200","0.8095","0.0515"
"48.6400","0.8098","0.0520"
"48.6600","0.8101","0.0514"
"48.6800","0.8105","0.0520"
"48.7000","0.8108","0.0520"
"48.7200","0.8111","0.0519"
"48.7400","0.8114","0.0523"
"48.7600","0.8117","0.0522"
"48.7800","0.8121","0.0524"
"48.8000","0.8124","0.0526"
"48.8200","0.8127","0.0524"
"48.8400","0.8130","0.0525"
"48.8600","0.8133","0.0527"
"48.8800","0.8136","0.0527"
"48.9000","0.8140","0.0532"
"48.9200","0.8143","0.0534"
"48.9400","0.8146","0.0537"
"48.9600","0.8149","0.0536"
"48.9800","0.8152","0.0536"
"49.0000","0.8156","0.0537"
"49.0200","0.8159","0.0535"
"49.0400","0.8162","0.0538"
"49.0600","0.8165","0.0541"
"49.0800","0.8168","0.0540"
"49.1000","0.8171","0.0545"
"49.1200","0.8175","0.0546"
"49.1400","0.8178","0.0546"
"49.1600","0.8181","0.0551"
"49.1800","0.8185","0.0552"
"49.2000","0.8188","0.0551"
"49.2200","0.8192","0.0554"
"49.2400","0.8195","0.0548"
"49.2600","0.8198","0.0554"
"49.2800","0.8202","0.0556"
"49.3000","0.8205","0.0553"
"49.3200","0.8208","0.0567"
"49.3400","0.8212","0.0562"
"49.3600","0.8215","0.0558"
"49.3800","0.8218","0.0568"
"49.4000","0.8222","0.0562"
"49.4200","0.8225","0.0563"
"49.4400","0.8228","0.0574"
"49.4600","0.8231","0.0567"
"49.4800","0.8235","0.0569"
"49.5000","0.8238","0.0575"
"49.5200","0.8241","0.0570"
"49.5400","0.8245","0.0574"
"49.5600","0.8248","0.0573"
"49.5800","0.8252","0.0576"
"49.6000","0.8255","0.0580"
"49.6200","0.8258","0.0581"
"49.6400","0.8262","0.0581"
"49.6600","0.8265","0.0584"
"49.6800","0.8269","0.0580"
"49.7000","0.8272","0.0580"
"49.7200","0.8275","0.0583"
"49.7400","0.8278","0.0587"
"49.7600","0.8281","0.0593"
"49.7800","0.8285","0.0595"
"49.8000","0.8288","0.0595"
"49.8200","0.8292","0.0595"
"49.8400","0.8295","0.0594"
"49.8600","0.8299","0.0594"
"49.8800","0.8303","0.0596"
"49.9000","0.8306","0.0596"
"49.9200","0.8310","0.0601"
"49.9400","0.8313","0.0605"
"49.9600","0.8317","0.0602"
"49.9800","0.8320","0.0610"
"50.0000","0.8324","0.0606"
"50.0200","0.8327","0.0606"
"50.0400","0.8330","0.0608"
"50.0600","0.8334","0.0611"
"50.0800","0.8337","0.0613"
"50.1000","0.8340","0.0616"
"50.1200","0.8344","0.0616"
"50.1400","0.8347","0.0616"
"50.1600","0.8350","0.0618"
"50.1800","0.8354","0.0619"
"50.2000","0.8357","0.0623"
"50.2200","0.8360","0.0618"
"50.2400","0.8364","0.0627"
"50.2600","0.8367","0.0628"
"50.2800","0.8370","0.0628"
"50.3000","0.8374","0.0632"
"50.3200","0.8377","0.0630"
"50.3400","0.8380","0.0628"
"50.3600","0.8384","0.0635"
"50.3800","0.8387","0.0633"
"50.4000","0.8390","0.0637"
"50.4200","0.8394","0.0639"
"50.4400","0.8397","0.0637"
"50.4600","0.8400","0.0643"
"50.4800","0.8404","0.0638"
"50.5000","0.8407","0.0642"
"50.5200","0.8410","0.0645"
"50.5400","0.8413","0.0643"
"50.5600","0.8417","0.0648"
"50.5800","0.8420","0.0648"
"50.6000","0.8424","0.0650"
"50.6200","0.8427","0.0651"
"50.6400","0.8430","0.0650"
"50.6600","0.8433","0.0654"
"50.6800","0.8437","0.0653"
"50.7000","0.8440","0.0656"
"50.7200","0.8443","0.0657"
"50.7400","0.8446","0.0662"
"50.7600","0.8450","0.0666"
"50.7800","0.8453","0.0667"
"50.8000","0.8456","0.0666"
"50.8200","0.8459","0.0667"
"50.8400","0.8463","0.0663"
"50.8600","0.8466","0.0661"
"50.8800","0.8469","0.0666"
"50.9000","0.8472","0.0669"
"50.9200","0.8475","0.0671"
"50.9400","0.8478","0.0673"
"50.9600","0.8482","0.0669"
"50.9800","0.8485","0.0663"
"51.0000","0.8488","0.0659"
"51.0200","0.8492","0.0653"
"51.0400","0.8495","0.0653"
"51.0600","0.8498","0.0654"
"51.0800","0.8502","0.0648"
"51.1000","0.8505","0.0649"
"51.1200","0.8509","0.0645"
"51.1400","0.8512","0.0642"
"51.1600","0.8515","0.0643"
"51.1800","0.8519","0.0642"
"51.2000","0.8522","0.0641"
"51.2200","0.8525","0.0643"
"51.2400","0.8528","0.0640"
"51.2600","0.8532","0.0639"
"51.2800","0.8535","0.0634"
"51.3000","0.8539","0.0635"
"51.3200","0.8542","0.0632"
"51.3400","0.8546","0.0630"
"51.3600","0.8549","0.0634"
"51.3800","0.8552","0.0631"
"51.4000","0.8556","0.0627"
"51.4200","0.8559","0.0627"
"51.4400","0.8562","0.0620"
"51.4600","0.8565","0.0616"
"51.4800","0.8569","0.0619"
"51.5000","0.8572","0.0616"
"51.5200","0.8576","0.0622"
"51.5400","0.8579","0.0623"
"51.5600","0.8583","0.0626"
"51.5800","0.8587","0.0628"
"51.6000","0.8590","0.0623"
"51.6200","0.8594","0.0622"
"51.6400","0.8597","0.0627"
"51.6600","0.8601","0.0623"
"51.6800","0.8604","0.0626"
"51.7000","0.8607","0.0627"
"51.7200","0.8611","0.0627"
"51.7400","0.8614","0.0635"
"51.7600","0.8617","0.0629"
"51.7800","0.8621","0.0638"
"51.8000","0.8624","0.0639"
"51.8200","0.8628","0.0634"
"51.8400","0.8631","0.0638"
"51.8600","0.8635","0.0635"
"51.8800","0.8638","0.0635"
"51.9000","0.8641","0.0645"
"51.9200","0.8644","0.0641"
"51.9400","0.8648","0.0645"
"51.9600","0.8651","0.0650"
"51.9800","0.8654","0.0651"
"52.0000","0.8658","0.0652"
"52.0200","0.8661","0.0651"
"52.0400","0.8664","0.0651"
"52.0600","0.8668","0.0652"
"52.0800","0.8671","0.0651"
"52.1000","0.8674","0.0656"
"52.1200","0.8677","0.0655"
"52.1400","0.8680","0.0654"
"52.1600","0.8683","0.0654"
"52.1800","0.8687","0.0655"
"52.2000","0.8690","0.0659"
"52.2200","0.8693","0.0653"
"52.2400","0.8697","0.0652"
"52.2600","0.8700","0.0654"
"52.2800","0.8703","0.0650"
"52.3000","0.8707","0.0653"
"52.3200","0.8710","0.0655"
"52.3400","0.8713","0.0650"
"52.3600","0.8716","0.0655"
"52.3800","0.8720","0.0654"
"52.4000","0.8723","0.0651"
"52.4200","0.8726","0.0658"
"52.4400","0.8729","0.0653"
"52.4600","0.8732","0.0651"
"52.4800","0.8735","0.0652"
"52.5000","0.8739","0.0648"
"52.5200","0.8742","0.0647"
"52.5400","0.8745","0.0650"
"52.5600","0.8748","0.0646"
"52.5800","0.8752","0.0645"
"52.6000","0.8755","0.0650"
"52.6200","0.8758","0.0643"
"52.6400","0.8762","0.0643"
"52.6600","0.8765","0.0646"
"52.6800","0.8768","0.0644"
"52.7000","0.8772","0.0637"
"52.7200","0.8775","0.0642"
"52.7400","0.8778","0.0643"
"52.7600","0.8782","0.0637"
"52.7800","0.8785","0.0645"
"52.8000","0.8788","0.0640"
"52.8200","0.8792","0.0635"
"52.8400","0.8795","0.0642"
"52.8600","0.8798","0.0634"
"52.8800","0.8801","0.0635"
"52.9000","0.8805","0.0636"
"52.9200","0.8808","0.0631"
"52.9400","0.8811","0.0637"
"52.9600","0.8814","0.0634"
"52.9800","0.8817","0.0632"
"53.0000","0.8820","0.0638"
"53.0200","0.8824","0.0633"
"53.0400","0.8827","0.0636"
"53.0600","0.8831","0.0640"
"53.0800","0.8834","0.0634"
"53.1000","0.8838","0.0633"
"53.1200","0.8842","0.0632"
"53.1400","0.8845","0.0636"
"53.1600","0.8849","0.0640"
"53.1800","0.8852","0.0639"
"53.2000","0.8856","0.0641"
"53.2200","0.8859","0.0640"
"53.2400","0.8863","0.0638"
"53.2600","0.8866","0.0641"
"53.2800","0.8869","0.0634"
"53.3000","0.8873","0.0643"
"53.3200","0.8876","0.0637"
"53.3400","0.8879","0.0639"
"53.3600","0.8883","0.0647"
"53.3800","0.8886","0.0642"
"53.4000","0.8890","0.0647"
"53.4200","0.8893","0.0647"
"53.4400","0.8896","0.0642"
"53.4600","0.8900","0.0648"
"53.4800","0.8903","0.0645"
"53.5000","0.8907","0.0640"
"53.5200","0.8910","0.0648"
"53.5400","0.8914","0.0647"
"53.5600","0.8917","0.0652"
"53.5800","0.8921","0.0655"
"53.6000","0.8924","0.0655"
"53.6200","0.8928","0.0658"
"53.6400","0.8931","0.0655"
"53.6600","0.8934","0.0651"
"53.6800","0.8937","0.0657"
"53.7000","0.8941","0.0656"
"53.7200","0.8944","0.0658"
"53.7400","0.8947","0.0666"
"53.7600","0.8950","0.0669"
"53.7800","0.8954","0.0669"
"53.8000","0.8957","0.0668"
"53.8200","0.8960","0.0669"
"53.8400","0.8964","0.0666"
"53.8600","0.8967","0.0665"
"53.8800","0.8970","0.0665"
"53.9000","0.8974","0.0667"
"53.9200","0.8977","0.0669"
"53.9400","0.8980","0.0669"
"53.9600","0.8984","0.0676"
"53.9800","0.8987","0.0674"
"54.0000","0.8990","0.0671"
"54.0200","0.8993","0.0671"
"54.0400","0.8997","0.0673"
"54.0600","0.9000","0.0669"
"54.0800","0.9003","0.0678"
"54.1000","0.9007","0.0682"
"54.1200","0.9010","0.0678"
"54.1400","0.9013","0.0682"
"54.1600","0.9017","0.0679"
"54.1800","0.9020","0.0672"
"54.2000","0.9023","0.0676"
"54.2200","0.9026","0.0675"
"54.2400","0.9030","0.0680"
"54.2600","0.9033","0.0685"
"54.2800","0.9036","0.0677"
"54.3000","0.9039","0.0685"
"54.3200","0.9043","0.0683"
"54.3400","0.9046","0.0668"
"54.3600","0.9049","0.0683"
"54.3800","0.9052","0.0685"
"54.4000","0.9055","0.0678"
"54.4200","0.9059","0.0686"
"54.4400","0.9062","0.0688"
"54.4600","0.9065","0.0679"
"54.4800","0.9069","0.0686"
"54.5000","0.9072","0.0683"
"54.5200","0.9076","0.0686"
"54.5400","0.9079","0.0688"
"54.5600","0.9082","0.0686"
"54.5800","0.9086","0.0690"
"54.6000","0.9089","0.0691"
"54.6200","0.9093","0.0689"
"54.6400","0.9096","0.0692"
"54.6600","0.9100","0.0692"
"54.6800","0.9103","0.0690"
"54.7000","0.9106","0.0692"
"54.7200","0.9110","0.0691"
"54.7400","0.9113","0.0692"
"54.7600","0.9117","0.0692"
"54.7800","0.9120","0.0698"
"54.8000","0.9124","0.0698"
"54.8200","0.9127","0.0703"
"54.8400","0.9130","0.0706"
"54.8600","0.9134","0.0699"
"54.8800","0.9137","0.0700"
"54.9000","0.9140","0.0697"
"54.9200","0.9143","0.0700"
"54.9400","0.9147","0.0699"
"54.9600","0.9150","0.0701"
"54.9800","0.9153","0.0709"
"55.0000","0.9157","0.0712"
"55.0200","0.9160","0.0705"
"55.0400","0.9164","0.0710"
"55.0600","0.9167","0.0709"
"55.0800","0.9170","0.0708"
"55.1000","0.9174","0.0711"
"55.1200","0.9177","0.0711"
"55.1400","0.9180","0.0710"
"55.1600","0.9183","0.0706"
"55.1800","0.9187","0.0714"
"55.2000","0.9190","0.0716"
"55.2200","0.9193","0.0718"
"55.2400","0.9197","0.0718"
"55.2600","0.9200","0.0722"
"55.2800","0.9204","0.0718"
"55.3000","0.9207","0.0719"
"55.3200","0.9210","0.0717"
"55.3400","0.9214","0.0717"
"55.3600","0.9217","0.0722"
"55.3800","0.9220","0.0722"
"55.4000","0.9223","0.0724"
"55.4200","0.9227","0.0728"
"55.4400","0.9230","0.0723"
"55.4600","0.9233","0.0726"
"55.4800","0.9236","0.0727"
"55.5000","0.9240","0.0723"
"55.5200","0.9243","0.0727"
"55.5400","0.9246","0.0725"
"55.5600","0.9249","0.0724"
"55.5800","0.9252","0.0731"
"55.6000","0.9256","0.0732"
"55.6200","0.9259","0.0732"
"55.6400","0.9262","0.0736"
"55.6600","0.9265","0.0730"
"55.6800","0.9268","0.0731"
"55.7000","0.9272","0.0733"
"55.7200","0.9275","0.0726"
"55.7400","0.9278","0.0735"
"55.7600","0.9281","0.0732"
"55.7800","0.9285","0.0731"
"55.8000","0.9288","0.0741"
"55.8200","0.9291","0.0744"
"55.8400","0.9295","0.0741"
"55.8600","0.9298","0.0745"
"55.8800","0.9301","0.0740"
"55.9000","0.9305","0.0739"
"55.9200","0.9308","0.0744"
"55.9400","0.9311","0.0741"
"55.9600","0.9314","0.0743"
"55.9800","0.9318","0.0745"
"56.0000","0.9321","0.0741"
"56.0200","0.9324","0.0746"
"56.0400","0.9328","0.0745"
"56.0600","0.9331","0.0746"
"56.0800","0.9335","0.0754"
"56.1000","0.9338","0.0748"
"56.1200","0.9341","0.0749"
"56.1400","0.9345","0.0756"
"56.1600","0.9348","0.0747"
"56.1800","0.9351","0.0748"
"56.2000","0.9355","0.0758"
"56.2200","0.9358","0.0755"
"56.2400","0.9361","0.0759"
"56.2600","0.9364","0.0760"
"56.2800","0.9367","0.0756"
"56.3000","0.9371","0.0761"
"56.3200","0.9374","0.0758"
"56.3400","0.9378","0.0761"
"56.3600","0.9382","0.0766"
"56.3800","0.9385","0.0759"
"56.4000","0.9389","0.0764"
"56.4200","0.9392","0.0768"
"56.4400","0.9396","0.0760"
"56.4600","0.9400","0.0764"
"56.4800","0.9403","0.0772"
"56.5000","0.9407","0.0767"
"56.5200","0.9410","0.0769"
"56.5400","0.9413","0.0775"
"56.5600","0.9417","0.0771"
"56.5800","0.9420","0.0773"
"56.6000","0.9424","0.0772"
"56.6200","0.9427","0.0770"
"56.6400","0.9430","0.0772"
"56.6600","0.9434","0.0773"
"56.6800","0.9437","0.0775"
"56.7000","0.9440","0.0781"
"56.7200","0.9444","0.0776"
"56.7400","0.9447","0.0775"
"56.7600","0.9450","0.0782"
"56.7800","0.9454","0.0775"
"56.8000","0.9457","0.0776"
"56.8200","0.9460","0.0788"
"56.8400","0.9464","0.0780"
"56.8600","0.9467","0.0781"
"56.8800","0.9470","0.0783"
"56.9000","0.9474","0.0781"
"56.9200","0.9477","0.0782"
"56.9400","0.9480","0.0781"
"56.9600","0.9484","0.0786"
"56.9800","0.9487","0.0789"
"57.0000","0.9490","0.0786"
"57.0200","0.9493","0.0788"
"57.0400","0.9497","0.0789"
"57.0600","0.9500","0.0789"
"57.0800","0.9503","0.0790"
"57.1000","0.9507","0.0792"
"57.1200","0.9510","0.0791"
"57.1400","0.9514","0.0786"
"57.1600","0.9517","0.0788"
"57.1800","0.9520","0.0791"
"57.2000","0.9523","0.0787"
"57.2200","0.9527","0.0794"
"57.2400","0.9530","0.0796"
"57.2600","0.9533","0.0796"
"57.2800","0.9536","0.0798"
"57.3000","0.9540","0.0792"
"57.3200","0.9543","0.0791"
"57.3400","0.9546","0.0793"
"57.3600","0.9549","0.0789"
"57.3800","0.9553","0.0795"
"57.4000","0.9556","0.0797"
"57.4200","0.9559","0.0791"
"57.4400","0.9562","0.0797"
"57.4600","0.9565","0.0791"
"57.4800","0.9568","0.0785"
"57.5000","0.9572","0.0787"
"57.5200","0.9575","0.0781"
"57.5400","0.9578","0.0778"
"57.5600","0.9582","0.0776"
"57.5800","0.9585","0.0772"
"57.6000","0.9588","0.0772"
"57.6200","0.9592","0.0767"
"57.6400","0.9595","0.0766"
"57.6600","0.9599","0.0768"
"57.6800","0.9602","0.0762"
"57.7000","0.9605","0.0765"
"57.7200","0.9609","0.0764"
"57.7400","0.9612","0.0756"
"57.7600","0.9615","0.0762"
"57.7800","0.9619","0.0759"
"57.8000","0.9622","0.0762"
"57.8200","0.9625","0.0768"
"57.8400","0.9629","0.0762"
"57.8600","0.9632","0.0764"
"57.8800","0.9635","0.0759"
"57.9000","0.9639","0.0753"
"57.9200","0.9642","0.0759"
"57.9400","0.9645","0.0751"
"57.9600","0.9649","0.0750"
"57.9800","0.9652","0.0756"
"58.0000","0.9655","0.0749"
"58.0200","0.9659","0.0752"
"58.0400","0.9662","0.0753"
"58.0600","0.9665","0.0747"
"58.0800","0.9669","0.0752"
"58.1000","0.9673","0.0746"
"58.1200","0.9676","0.0739"
"58.1400","0.9680","0.0750"
"58.1600","0.9683","0.0739"
"58.1800","0.9687","0.0743"
"58.2000","0.9690","0.0751"
"58.2200","0.9694","0.0740"
"58.2400","0.9697","0.0749"
"58.2600","0.9700","0.0744"
"58.2800","0.9703","0.0741"
"58.3000","0.9707","0.0746"
"58.3200","0.9710","0.0739"
"58.3400","0.9713","0.0747"
"58.3600","0.9716","0.0751"
"58.3800","0.9720","0.0743"
"58.4000","0.9723","0.0752"
"58.4200","0.9727","0.0749"
"58.4400","0.9730","0.0743"
"58.4600","0.9733","0.0750"
"58.4800","0.9737","0.0747"
"58.5000","0.9740","0.0749"
"58.5200","0.9744","0.0754"
"58.5400","0.9747","0.0752"
"58.5600","0.9750","0.0754"
"58.5800","0.9754","0.0758"
"58.6000","0.9757","0.0753"
"58.6200","0.9760","0.0758"
"58.6400","0.9764","0.0756"
"58.6600","0.9767","0.0756"
"58.6800","0.9770","0.0763"
"58.7000","0.9773","0.0758"
"58.7200","0.9777","0.0761"
"58.7400","0.9780","0.0763"
"58.7600","0.9783","0.0758"
"58.7800","0.9787","0.0764"
"58.8000","0.9790","0.0767"
"58.8200","0.9793","0.0768"
"58.8400","0.9796","0.0770"
"58.8600","0.9800","0.0772"
"58.8800","0.9803","0.0774"
"58.9000","0.9806","0.0767"
"58.9200","0.9809","0.0765"
"58.9400","0.9812","0.0769"
"58.9600","0.9815","0.0764"
"58.9800","0.9818","0.0765"
"59.0000","0.9821","0.0769"
"59.0200","0.9825","0.0768"
"59.0400","0.9828","0.0769"
"59.0600","0.9831","0.0770"
"59.0800","0.9835","0.0768"
"59.1000","0.9838","0.0766"
"59.1200","0.9841","0.0764"
"59.1400","0.9845","0.0765"
"59.1600","0.9848","0.0759"
"59.1800","0.9851","0.0761"
"59.2000","0.9855","0.0763"
"59.2200","0.9858","0.0758"
"59.2400","0.9861","0.0760"
"59.2600","0.9865","0.0757"
"59.2800","0.9868","0.0757"
"59.3000","0.9871","0.0749"
"59.3200","0.9875","0.0747"
"59.3400","0.9878","0.0746"
"59.3600","0.9882","0.0736"
"59.3800","0.9885","0.0737"
"59.4000","0.9888","0.0733"
"59.4200","0.9892","0.0719"
"59.4400","0.9895","0.0719"
"59.4600","0.9898","0.0710"
"59.4800","0.9901","0.0704"
"59.5000","0.9904","0.0709"
"59.5200","0.9908","0.0703"
"59.5400","0.9911","0.0703"
"59.5600","0.9914","0.0702"
"59.5800","0.9918","0.0703"
"59.6000","0.9921","0.0703"
"59.6200","0.9925","0.0703"
"59.6400","0.9928","0.0706"
"59.6600","0.9932","0.0702"
"59.6800","0.9935","0.0703"
"59.7000","0.9939","0.0704"
"59.7200","0.9942","0.0694"
"59.7400","0.9946","0.0697"
"59.7600","0.9949","0.0691"
"59.7800","0.9953","0.0681"
"59.8000","0.9956","0.0695"
"59.8200","0.9960","0.0687"
"59.8400","0.9963","0.0688"
"59.8600","0.9967","0.0700"
"59.8800","0.9970","0.0682"
"59.9000","0.9974","0.0686"
"59.9200","0.9977","0.0692"
"59.9400","0.9980","0.0677"
"59.9600","0.9984","0.0687"
"59.9800","0.9987","0.0693"
"60.0000","0.9990","0.0683"
"60.0200","0.9994","0.0695"
"60.0400","0.9997","0.0690"
"60.0600","1.0001","0.0684"
"60.0800","1.0004","0.0690"
"60.1000","1.0007","0.0686"
"60.1200","1.0011","0.0687"
"60.1400","1.0014","0.0689"
"60.1600","1.0018","0.0683"
"60.1800","1.0021","0.0686"
"60.2000","1.0024","0.0684"
"60.2200","1.0027","0.0686"
"60.2400","1.0031","0.0688"
"60.2600","1.0034","0.0685"
"60.2800","1.0037","0.0693"
"60.3000","1.0040","0.0689"
"60.3200","1.0044","0.0687"
"60.3400","1.0047","0.0689"
"60.3600","1.0050","0.0684"
"60.3800","1.0054","0.0685"
"60.4000","1.0057","0.0689"
"60.4200","1.0060","0.0687"
"60.4400","1.0064","0.0692"
"60.4600","1.0067","0.0692"
"60.4800","1.0070","0.0691"
"60.5000","1.0073","0.0691"
"60.5200","1.0077","0.0689"
"60.5400","1.0080","0.0693"
"60.5600","1.0083","0.0689"
"60.5800","1.0087","0.0689"
"60.6000","1.0090","0.0691"
"60.6200","1.0093","0.0687"
"60.6400","1.0097","0.0687"
"60.6600","1.0100","0.0692"
"60.6800","1.0103","0.0687"
"60.7000","1.0107","0.0688"
"60.7200","1.0110","0.0692"
"60.7400","1.0113","0.0681"
"60.7600","1.0116","0.0681"
"60.7800","1.0119","0.0684"
"60.8000","1.0123","0.0679"
"60.8200","1.0126","0.0683"
"60.8400","1.0129","0.0687"
"60.8600","1.0132","0.0680"
"60.8800","1.0135","0.0683"
"60.9000","1.0138","0.0681"
"60.9200","1.0142","0.0678"
"60.9400","1.0145","0.0678"
"60.9600","1.0148","0.0676"
"60.9800","1.0152","0.0670"
"61.0000","1.0155","0.0669"
"61.0200","1.0158","0.0670"
"61.0400","1.0162","0.0665"
"61.0600","1.0165","0.0670"
"61.0800","1.0169","0.0667"
"61.1000","1.0172","0.0662"
"61.1200","1.0175","0.0669"
"61.1400","1.0178","0.0665"
"61.1600","1.0182","0.0658"
"61.1800","1.0185","0.0655"
"61.2000","1.0189","0.0651"
"61.2200","1.0192","0.0649"
"61.2400","1.0195","0.0649"
"61.2600","1.0198","0.0652"
"61.2800","1.0202","0.0650"
"61.3000","1.0205","0.0646"
"61.3200","1.0208","0.0642"
"61.3400","1.0212","0.0641"
"61.3600","1.0215","0.0636"
"61.3800","1.0219","0.0631"
"61.4000","1.0222","0.0632"
"61.4200","1.0226","0.0628"
"61.4400","1.0229","0.0624"
"61.4600","1.0232","0.0625"
"61.4800","1.0236","0.0621"
"61.5000","1.0239","0.0618"
"61.5200","1.0243","0.0616"
"61.5400","1.0246","0.0620"
"61.5600","1.0249","0.0617"
"61.5800","1.0253","0.0616"
"61.6000","1.0256","0.0619"
"61.6200","1.0260","0.0615"
"61.6400","1.0264","0.0615"
"61.6600","1.0267","0.0616"
"61.6800","1.0271","0.0612"
"61.7000","1.0274","0.0616"
"61.7200","1.0278","0.0612"
"61.7400","1.0281","0.0609"
"61.7600","1.0284","0.0610"
"61.7800","1.0287","0.0610"
"61.8000","1.0291","0.0611"
"61.8200","1.0294","0.0613"
"61.8400","1.0297","0.0614"
"61.8600","1.0301","0.0612"
"61.8800","1.0304","0.0614"
"61.9000","1.0307","0.0612"
"61.9200","1.0311","0.0609"
"61.9400","1.0314","0.0607"
"61.9600","1.0317","0.0608"
"61.9800","1.0320","0.0607"
"62.0000","1.0324","0.0611"
"62.0200","1.0327","0.0612"
"62.0400","1.0330","0.0616"
"62.0600","1.0333","0.0615"
"62.0800","1.0337","0.0615"
"62.1000","1.0340","0.0613"
"62.1200","1.0343","0.0613"
"62.1400","1.0347","0.0614"
"62.1600","1.0350","0.0616"
"62.1800","1.0353","0.0621"
"62.2000","1.0357","0.0617"
"62.2200","1.0360","0.0618"
"62.2400","1.0363","0.0619"
"62.2600","1.0367","0.0615"
"62.2800","1.0370","0.0618"
"62.3000","1.0373","0.0621"
"62.3200","1.0376","0.0620"
"62.3400","1.0379","0.0624"
"62.3600","1.0383","0.0621"
"62.3800","1.0386","0.0620"
"62.4000","1.0389","0.0622"
"62.4200","1.0392","0.0621"
"62.4400","1.0395","0.0617"
"62.4600","1.0399","0.0622"
"62.4800","1.0402","0.0624"
"62.5000","1.0405","0.0621"
"62.5200","1.0409","0.0627"
"62.5400","1.0412","0.0622"
"62.5600","1.0415","0.0626"
"62.5800","1.0419","0.0627"
"62.6000","1.0422","0.0618"
"62.6200","1.0425","0.0624"
"62.6400","1.0429","0.0625"
"62.6600","1.0432","0.0619"
"62.6800","1.0435","0.0628"
"62.7000","1.0439","0.0624"
"62.7200","1.0442","0.0623"
"62.7400","1.0445","0.0625"
"62.7600","1.0448","0.0616"
"62.7800","1.0451","0.0619"
"62.8000","1.0454","0.0617"
"62.8200","1.0458","0.0619"
"62.8400","1.0461","0.0620"
"62.8600","1.0464","0.0622"
"62.8800","1.0468","0.0622"
"62.9000","1.0471","0.0621"
"62.9200","1.0475","0.0620"
"62.9400","1.0479","0.0620"
"62.9600","1.0482","0.0616"
"62.9800","1.0486","0.0614"
"63.0000","1.0489","0.0614"
"63.0200","1.0492","0.0616"
"63.0400","1.0496","0.0621"
"63.0600","1.0499","0.0617"
"63.0800","1.0502","0.0618"
"63.1000","1.0505","0.0620"
"63.1200","1.0509","0.0617"
"63.1400","1.0512","0.0617"
"63.1600","1.0515","0.0615"
"63.1800","1.0519","0.0614"
"63.2000","1.0522","0.0616"
"63.2200","1.0525","0.0614"
"63.2400","1.0529","0.0613"
"63.2600","1.0532","0.0615"
"63.2800","1.0536","0.0613"
"63.3000","1.0539","0.0614"
"63.3200","1.0542","0.0616"
"63.3400","1.0546","0.0615"
"63.3600","1.0549","0.0616"
"63.3800","1.0553","0.0617"
"63.4000","1.0557","0.0616"
"63.4200","1.0560","0.0616"
"63.4400","1.0564","0.0616"
"63.4600","1.0567","0.0614"
"63.4800","1.0571","0.0617"
"63.5000","1.0574","0.0616"
"63.5200","1.0578","0.0612"
"63.5400","1.0581","0.0614"
"63.5600","1.0584","0.0615"
"63.5800","1.0587","0.0613"
"63.6000","1.0590","0.0611"
"63.6200","1.0594","0.0614"
"63.6400","1.0597","0.0611"
"63.6600","1.0600","0.0609"
"63.6800","1.0604","0.0613"
"63.7000","1.0607","0.0612"
"63.7200","1.0610","0.0613"
"63.7400","1.0613","0.0609"
"63.7600","1.0617","0.0610"
"63.7800","1.0620","0.0611"
"63.8000","1.0623","0.0614"
"63.8200","1.0627","0.0616"
"63.8400","1.0630","0.0615"
"63.8600","1.0633","0.0618"
"63.8800","1.0637","0.0615"
"63.9000","1.0640","0.0612"
"63.9200","1.0643","0.0614"
"63.9400","1.0646","0.0613"
"63.9600","1.0650","0.0611"
"63.9800","1.0653","0.0615"
"64.0000","1.0656","0.0615"
"64.0200","1.0659","0.0611"
"64.0400","1.0663","0.0616"
"64.0600","1.0666","0.0615"
"64.0800","1.0669","0.0612"
"64.1000","1.0672","0.0617"
"64.1200","1.0676","0.0612"
"64.1400","1.0679","0.0616"
"64.1600","1.0682","0.0618"
"64.1800","1.0685","0.0612"
"64.2000","1.0689","0.0618"
"64.2200","1.0692","0.0613"
"64.2400","1.0695","0.0611"
"64.2600","1.0699","0.0616"
"64.2800","1.0702","0.0611"
"64.3000","1.0705","0.0616"
"64.3200","1.0709","0.0617"
"64.3400","1.0712","0.0612"
"64.3600","1.0715","0.0616"
"64.3800","1.0719","0.0613"
"64.4000","1.0722","0.0614"
"64.4200","1.0725","0.0613"
"64.4400","1.0729","0.0611"
"64.4600","1.0732","0.0611"
"64.4800","1.0736","0.0612"
"64.5000","1.0739","0.0613"
"64.5200","1.0742","0.0612"
"64.5400","1.0746","0.0615"
"64.5600","1.0749","0.0612"
"64.5800","1.0753","0.0616"
"64.6000","1.0756","0.0612"
"64.6200","1.0760","0.0610"
"64.6400","1.0763","0.0614"
"64.6600","1.0767","0.0609"
"64.6800","1.0770","0.0612"
"64.7000","1.0774","0.0617"
"64.7200","1.0777","0.0611"
"64.7400","1.0781","0.0616"
"64.7600","1.0784","0.0611"
"64.7800","1.0787","0.0608"
"64.8000","1.0790","0.0613"
"64.8200","1.0794","0.0606"
"64.8400","1.0797","0.0610"
"64.8600","1.0801","0.0619"
"64.8800","1.0804","0.0611"
"64.9000","1.0807","0.0614"
"64.9200","1.0810","0.0619"
"64.9400","1.0813","0.0609"
"64.9600","1.0817","0.0613"
"64.9800","1.0820","0.0613"
"65.0000","1.0823","0.0610"
"65.0200","1.0827","0.0613"
"65.0400","1.0830","0.0616"
"65.0600","1.0834","0.0613"
"65.0800","1.0837","0.0616"
"65.1000","1.0840","0.0613"
"65.1200","1.0843","0.0615"
"65.1400","1.0847","0.0617"
"65.1600","1.0850","0.0617"
"65.1800","1.0854","0.0620"
"65.2000","1.0857","0.0617"
"65.2200","1.0860","0.0617"
"65.2400","1.0864","0.0616"
"65.2600","1.0867","0.0615"
"65.2800","1.0870","0.0615"
"65.3000","1.0873","0.0617"
"65.3200","1.0876","0.0617"
"65.3400","1.0879","0.0616"
"65.3600","1.0883","0.0622"
"65.3800","1.0886","0.0619"
"65.4000","1.0889","0.0616"
"65.4200","1.0893","0.0616"
"65.4400","1.0896","0.0618"
"65.4600","1.0899","0.0616"
"65.4800","1.0902","0.0618"
"65.5000","1.0906","0.0617"
"65.5200","1.0909","0.0616"
"65.5400","1.0912","0.0619"
"65.5600","1.0915","0.0618"
"65.5800","1.0918","0.0621"
"65.6000","1.0921","0.0625"
"65.6200","1.0925","0.0617"
"65.6400","1.0928","0.0619"
"65.6600","1.0931","0.0622"
"65.6800","1.0935","0.0613"
"65.7000","1.0938","0.0620"
"65.7200","1.0941","0.0619"
"65.7400","1.0945","0.0619"
"65.7600","1.0948","0.0622"
"65.7800","1.0952","0.0615"
"65.8000","1.0955","0.0619"
"65.8200","1.0958","0.0618"
"65.8400","1.0962","0.0615"
"65.8600","1.0965","0.0619"
"65.8800","1.0968","0.0619"
"65.9000","1.0972","0.0616"
"65.9200","1.0975","0.0620"
"65.9400","1.0978","0.0616"
"65.9600","1.0982","0.0616"
"65.9800","1.0985","0.0620"
"66.0000","1.0988","0.0617"
"66.0200","1.0992","0.0617"
"66.0400","1.0995","0.0621"
"66.0600","1.0998","0.0622"
"66.0800","1.1002","0.0620"
"66.1000","1.1005","0.0618"
"66.1200","1.1008","0.0618"
"66.1400","1.1011","0.0620"
"66.1600","1.1015","0.0620"
"66.1800","1.1018","0.0617"
"66.2000","1.1022","0.0621"
"66.2200","1.1025","0.0617"
"66.2400","1.1029","0.0615"
"66.2600","1.1032","0.0622"
"66.2800","1.1036","0.0616"
"66.3000","1.1039","0.0619"
"66.3200","1.1043","0.0622"
"66.3400","1.1046","0.0618"
"66.3600","1.1049","0.0623"
"66.3800","1.1053","0.0619"
"66.4000","1.1056","0.0617"
"66.4200","1.1060","0.0624"
"66.4400","1.1063","0.0616"
"66.4600","1.1066","0.0617"
"66.4800","1.1070","0.0633"
"66.5000","1.1073","0.0622"
"66.5200","1.1077","0.0622"
"66.5400","1.1080","0.0625"
"66.5510","1.1082","0.0629"
